Workbook
Name FSL_Priority: '03_Danh_muc'!$A$2:$A$5
Name FSL_Release: '03_Danh_muc'!$B$2:$B$5
Name FSL_ScopeStatus: '03_Danh_muc'!$C$2:$C$5

Sheet 00_Tong_quan
A1: FUNCTIONAL SCOPE LIST – QTKHCN
A4: Tổng chức năng | D4: Phân hệ | G4: Priority Must | J4: Cần xác nhận
A5: =COUNTA('01_Functional_Scope'!$B$5:$B$362) -> 358 | D5: =COUNTA('02_Phan_he'!$B$4:$B$21) -> 18 | G5: =COUNTIF('01_Functional_Scope'!$K$5:$K$362,"Must") -> 192 | J5: =COUNTIF('01_Functional_Scope'!$M$5:$M$362,"Cần xác nhận") -> 18
A8: Hướng dẫn sử dụng
A9: 1. Sheet 01 là nguồn chính: lọc theo phân hệ, module, priority, release và trạng thái phạm vi.
A10: 2. Priority dùng MoSCoW; Release chỉ là đề xuất sơ bộ, cần chốt sau workshop nghiệp vụ.
A11: 3. Các dòng “Cần xác nhận” là giả định hoặc phạm vi phụ thuộc hệ thống ngoài/chính sách.
A12: 4. Functional Scope List chưa chứa effort, owner và timeline; các trường này thuộc WBS/roadmap tiếp theo.
A13: 5. Sheet 99 giữ danh sách gốc để truy vết các sửa đổi và phần bổ sung.
A15: Phân hệ | B15: Số chức năng
A16: Truy cập, Tổ chức & Phân quyền | B16: =COUNTIF('01_Functional_Scope'!$C$5:$C$362,A16) -> 30
A17: Quản lý Nhiệm vụ KHCN | B17: =COUNTIF('01_Functional_Scope'!$C$5:$C$362,A17) -> 12
A18: Chủ trương & Xét duyệt | B18: =COUNTIF('01_Functional_Scope'!$C$5:$C$362,A18) -> 21
A19: Không gian làm việc & Task | B19: =COUNTIF('01_Functional_Scope'!$C$5:$C$362,A19) -> 22
A20: Hồ sơ, Tài liệu & Biểu mẫu | B20: =COUNTIF('01_Functional_Scope'!$C$5:$C$362,A20) -> 30
A21: Hội đồng & Thẩm định | B21: =COUNTIF('01_Functional_Scope'!$C$5:$C$362,A21) -> 12
A22: Thực hiện Nhiệm vụ | B22: =COUNTIF('01_Functional_Scope'!$C$5:$C$362,A22) -> 17
A23: Điều chỉnh, Tạm dừng & Dừng | B23: =COUNTIF('01_Functional_Scope'!$C$5:$C$362,A23) -> 30
A24: Nghiệm thu | B24: =COUNTIF('01_Functional_Scope'!$C$5:$C$362,A24) -> 11
A25: Quyết toán | B25: =COUNTIF('01_Functional_Scope'!$C$5:$C$362,A25) -> 11
A26: Sản phẩm Nghiên cứu & SHTT | B26: =COUNTIF('01_Functional_Scope'!$C$5:$C$362,A26) -> 23
A27: Báo cáo & Điều hành | B27: =COUNTIF('01_Functional_Scope'!$C$5:$C$362,A27) -> 10
... A33: Trợ giúp & Hỗ trợ Người dùng | B33: =COUNTIF('01_Functional_Scope'!$C$5:$C$362,A33) -> 3

Sheet 01_Functional_Scope
A1: FUNCTIONAL SCOPE LIST – HỆ THỐNG QUẢN LÝ NHIỆM VỤ KHCN
A2: Phiên bản khởi tạo từ VHT_WBS và bổ sung theo tài liệu kiến trúc/nghiệp vụ trong docs/research. Đây là danh mục phạm vi chức năng, chưa phải WBS ước lượng.
A4: STT | B4: Feature ID | C4: Phân hệ | D4: Module | E4: Nhóm chức năng | F4: Chức năng | G4: Mô tả phạm vi | H4: Vai trò chính | I4: Loại | J4: Quy trình/RD | K4: Priority | L4: Release đề xuất | M4: Trạng thái phạm vi | N4: Nguồn/Thay đổi | O4: Định hướng nghiệm thu/Ghi chú
A5: 1 | B5: IAM-SSO-001 | C5: Truy cập, Tổ chức & Phân quyền | D5: Đăng nhập & SSO | E5: Xác thực | F5: Đăng nhập qua SSO/OIDC | G5: Chuyển hướng đến Identity Provider, nhận token và tạo phiên làm việc hợp lệ. | H5: Tất cả người dùng | I5: Nền tảng | K5: Must | L5: Pha 1 | M5: Đề xuất trong phạm vi | N5: Hiệu chỉnh từ VHT_WBS | O5: Đăng nhập thành công bằng tài khoản hợp lệ; lỗi xác thực không làm lộ thông tin nhạy cảm.
A6: 2 | B6: IAM-SSO-002 | C6: Truy cập, Tổ chức & Phân quyền | D6: Đăng nhập & SSO | E6: Xác thực | F6: Đăng xuất tập trung | G6: Kết thúc phiên ứng dụng và phiên SSO theo chính sách tổ chức. | H6: Tất cả người dùng | I6: Nền tảng | K6: Must | L6: Pha 1 | M6: Đề xuất trong phạm vi | N6: Hiệu chỉnh từ VHT_WBS
A7: 3 | B7: IAM-SSO-003 | C7: Truy cập, Tổ chức & Phân quyền | D7: Đăng nhập & SSO | E7: Bảo mật phiên | F7: Gia hạn và hết hạn phiên | G7: Quản lý refresh token, timeout không hoạt động và bắt buộc đăng nhập lại. | H7: Tất cả người dùng | I7: Bảo mật | K7: Must | L7: Pha 1 | M7: Đề xuất trong phạm vi | N7: Bổ sung
A8: 4 | B8: IAM-SSO-004 | C8: Truy cập, Tổ chức & Phân quyền | D8: Đăng nhập & SSO | E8: Hồ sơ người dùng | F8: Xem hồ sơ và ngữ cảnh đăng nhập | G8: Hiển thị người dùng, đơn vị, vai trò, phạm vi dữ liệu và quyền hiệu lực. | H8: Tất cả người dùng | I8: Nền tảng | K8: Must | L8: Pha 1 | M8: Đề xuất trong phạm vi | N8: Bổ sung
A9: 5 | B9: IAM-ORG-001 | C9: Truy cập, Tổ chức & Phân quyền | D9: Cơ cấu tổ chức | E9: Đơn vị tổ chức | F9: Xem danh sách Đơn vị tổ chức | G9: Tra cứu danh sách, phân trang, sắp xếp và lọc Đơn vị tổ chức theo các tiêu chí nghiệp vụ. | H9: Quản trị hệ thống | I9: Nghiệp vụ | K9: Must | L9: Pha 1 | M9: Đề xuất trong phạm vi | N9: Bổ sung theo EPIC01 | O9: Danh sách hiển thị đúng phạm vi dữ liệu và hỗ trợ lọc/xuất theo quyền.
A10: 6 | B10: IAM-ORG-002 | C10: Truy cập, Tổ chức & Phân quyền | D10: Cơ cấu tổ chức | E10: Đơn vị tổ chức | F10: Tạo mới Đơn vị tổ chức | G10: Khởi tạo Đơn vị tổ chức, kiểm tra dữ liệu bắt buộc và lưu nháp trước khi hoàn tất. | H10: Quản trị hệ thống | I10: Nghiệp vụ | K10: Must | L10: Pha 1 | M10: Đề xuất trong phạm vi | N10: Bổ sung theo EPIC01 | O10: Dữ liệu hợp lệ được lưu; lỗi validation hiển thị tại trường tương ứng.
A11: 7 | B11: IAM-ORG-003 | C11: Truy cập, Tổ chức & Phân quyền | D11: Cơ cấu tổ chức | E11: Đơn vị tổ chức | F11: Xem chi tiết Đơn vị tổ chức | G11: Hiển thị thông tin tổng quan, dữ liệu chi tiết, tài liệu liên quan và trạng thái của Đơn vị tổ chức. | H11: Quản trị hệ thống | I11: Nghiệp vụ | K11: Must | L11: Pha 1 | M11: Đề xuất trong phạm vi | N11: Bổ sung theo EPIC01 | O11: Thông tin hiển thị đúng phiên bản và quyền truy cập.
A12: 8 | B12: IAM-ORG-004 | C12: Truy cập, Tổ chức & Phân quyền | D12: Cơ cấu tổ chức | E12: Đơn vị tổ chức | F12: Chỉnh sửa Đơn vị tổ chức | G12: Cập nhật Đơn vị tổ chức khi trạng thái và quyền người dùng cho phép; kiểm soát xung đột cập nhật. | H12: Quản trị hệ thống | I12: Nghiệp vụ | K12: Must | L12: Pha 1 | M12: Đề xuất trong phạm vi | N12: Bổ sung theo EPIC01 | O12: Chỉ trường được phép sửa có hiệu lực và thay đổi được ghi lịch sử.
A13: 9 | B13: IAM-ORG-005 | C13: Truy cập, Tổ chức & Phân quyền | D13: Cơ cấu tổ chức | E13: Đơn vị tổ chức | F13: Xóa/Ngừng sử dụng Đơn vị tổ chức | G13: Xóa logic hoặc ngừng sử dụng Đơn vị tổ chức sau khi kiểm tra ràng buộc tham chiếu. | H13: Quản trị hệ thống | I13: Quản trị/Cán bộ nghiệp vụ | K13: Should | L13: Pha 1 | M13: Đề xuất trong phạm vi | N13: Bổ sung theo EPIC01 | O13: Không xóa vật lý dữ liệu đã phát sinh giao dịch; cảnh báo rõ quan hệ phụ thuộc.
A14: 10 | B14: IAM-ORG-006 | C14: Truy cập, Tổ chức & Phân quyền | D14: Cơ cấu tổ chức | E14: Đơn vị tổ chức | F14: Xem lịch sử Đơn vị tổ chức | G14: Theo dõi phiên bản, thay đổi dữ liệu, người thực hiện và lịch sử xử lý của Đơn vị tổ chức. | H14: Quản trị hệ thống | I14: Cán bộ nghiệp vụ/Quản trị | J14: Audit | L14: Must | M14: Pha 1 | N14: Đề xuất trong phạm vi | O14: Bổ sung theo EPIC01
A15: 11 | B15: IAM-ORG-007 | C15: Truy cập, Tổ chức & Phân quyền | D15: Cơ cấu tổ chức | E15: Cây tổ chức | F15: Quản lý cây tổ chức đa cấp | G15: Thiết lập quan hệ cha-con, cấp đơn vị, hiệu lực và lịch sử thay đổi cơ cấu. | H15: Quản trị hệ thống | I15: Cấu hình | K15: Must | L15: Pha 1 | M15: Đề xuất trong phạm vi | N15: Bổ sung
A16: 12 | B16: IAM-ORG-008 | C16: Truy cập, Tổ chức & Phân quyền | D16: Cơ cấu tổ chức | E16: Chức danh | F16: Quản lý chức danh và vị trí công việc | G16: Khai báo chức danh, vị trí, cấp quản lý và ánh xạ dữ liệu nhân sự. | H16: Quản trị hệ thống | I16: Cấu hình | K16: Should | L16: Pha 1 | M16: Đề xuất trong phạm vi | N16: Bổ sung
A17: 13 | B17: IAM-USR-001 | C17: Truy cập, Tổ chức & Phân quyền | D17: Người dùng & định danh | E17: Người dùng ứng dụng | F17: Xem danh sách Người dùng ứng dụng | G17: Tra cứu danh sách, phân trang, sắp xếp và lọc Người dùng ứng dụng theo các tiêu chí nghiệp vụ. | H17: Quản trị hệ thống | I17: Nghiệp vụ | K17: Must | L17: Pha 1 | M17: Đề xuất trong phạm vi | N17: Bổ sung theo EPIC02 | O17: Danh sách hiển thị đúng phạm vi dữ liệu và hỗ trợ lọc/xuất theo quyền.
A18: 14 | B18: IAM-USR-002 | C18: Truy cập, Tổ chức & Phân quyền | D18: Người dùng & định danh | E18: Người dùng ứng dụng | F18: Tạo mới Người dùng ứng dụng | G18: Khởi tạo Người dùng ứng dụng, kiểm tra dữ liệu bắt buộc và lưu nháp trước khi hoàn tất. | H18: Quản trị hệ thống | I18: Nghiệp vụ | K18: Must | L18: Pha 1 | M18: Đề xuất trong phạm vi | N18: Bổ sung theo EPIC02 | O18: Dữ liệu hợp lệ được lưu; lỗi validation hiển thị tại trường tương ứng.
A19: 15 | B19: IAM-USR-003 | C19: Truy cập, Tổ chức & Phân quyền | D19: Người dùng & định danh | E19: Người dùng ứng dụng | F19: Xem chi tiết Người dùng ứng dụng | G19: Hiển thị thông tin tổng quan, dữ liệu chi tiết, tài liệu liên quan và trạng thái của Người dùng ứng dụng. | H19: Quản trị hệ thống | I19: Nghiệp vụ | K19: Must | L19: Pha 1 | M19: Đề xuất trong phạm vi | N19: Bổ sung theo EPIC02 | O19: Thông tin hiển thị đúng phiên bản và quyền truy cập.
A20: 16 | B20: IAM-USR-004 | C20: Truy cập, Tổ chức & Phân quyền | D20: Người dùng & định danh | E20: Người dùng ứng dụng | F20: Chỉnh sửa Người dùng ứng dụng | G20: Cập nhật Người dùng ứng dụng khi trạng thái và quyền người dùng cho phép; kiểm soát xung đột cập nhật. | H20: Quản trị hệ thống | I20: Nghiệp vụ | K20: Must | L20: Pha 1 | M20: Đề xuất trong phạm vi | N20: Bổ sung theo EPIC02 | O20: Chỉ trường được phép sửa có hiệu lực và thay đổi được ghi lịch sử.
A21: 17 | B21: IAM-USR-005 | C21: Truy cập, Tổ chức & Phân quyền | D21: Người dùng & định danh | E21: Người dùng ứng dụng | F21: Xóa/Ngừng sử dụng Người dùng ứng dụng | G21: Xóa logic hoặc ngừng sử dụng Người dùng ứng dụng sau khi kiểm tra ràng buộc tham chiếu. | H21: Quản trị hệ thống | I21: Quản trị/Cán bộ nghiệp vụ | K21: Should | L21: Pha 1 | M21: Đề xuất trong phạm vi | N21: Bổ sung theo EPIC02 | O21: Không xóa vật lý dữ liệu đã phát sinh giao dịch; cảnh báo rõ quan hệ phụ thuộc.
A22: 18 | B22: IAM-USR-006 | C22: Truy cập, Tổ chức & Phân quyền | D22: Người dùng & định danh | E22: Người dùng ứng dụng | F22: Xem lịch sử Người dùng ứng dụng | G22: Theo dõi phiên bản, thay đổi dữ liệu, người thực hiện và lịch sử xử lý của Người dùng ứng dụng. | H22: Quản trị hệ thống | I22: Cán bộ nghiệp vụ/Quản trị | J22: Audit | L22: Must | M22: Pha 1 | N22: Đề xuất trong phạm vi | O22: Bổ sung theo EPIC02
A23: 19 | B23: IAM-USR-007 | C23: Truy cập, Tổ chức & Phân quyền | D23: Người dùng & định danh | E23: Đồng bộ | F23: Đồng bộ người dùng từ AD/QLNS | G23: Đồng bộ hồ sơ, đơn vị, chức danh và trạng thái người dùng; ghi nhận sai lệch. | H23: Quản trị hệ thống | I23: Tích hợp | K23: Must | L23: Pha 1 | M23: Đề xuất trong phạm vi | N23: Bổ sung
A24: 20 | B24: IAM-USR-008 | C24: Truy cập, Tổ chức & Phân quyền | D24: Người dùng & định danh | E24: Phân công | F24: Gán vai trò và phạm vi dữ liệu cho người dùng | G24: Mỗi assignment gồm user, role, data scope, đơn vị/nhiệm vụ và thời hạn hiệu lực. | H24: Quản trị hệ thống | I24: Phân quyền | K24: Must | L24: Pha 1 | M24: Đề xuất trong phạm vi | N24: Bổ sung theo recfactor-module-user-role
A25: 21 | B25: IAM-USR-009 | C25: Truy cập, Tổ chức & Phân quyền | D25: Người dùng & định danh | E25: Phân công | F25: Ủy quyền và người thay thế | G25: Thiết lập ủy quyền theo thời gian, phạm vi task/quy trình và ngăn xung đột phân quyền. | H25: Người dùng/Quản trị | I25: Phân quyền | K25: Should | L25: Pha 2 | M25: Đề xuất trong phạm vi | N25: Bổ sung
A26: 22 | B26: IAM-RBAC-001 | C26: Truy cập, Tổ chức & Phân quyền | D26: Vai trò & phân quyền | E26: Vai trò nghiệp vụ | F26: Xem danh sách Vai trò nghiệp vụ | G26: Tra cứu danh sách, phân trang, sắp xếp và lọc Vai trò nghiệp vụ theo các tiêu chí nghiệp vụ. | H26: Quản trị hệ thống | I26: Nghiệp vụ | K26: Must | L26: Pha 1 | M26: Đề xuất trong phạm vi | N26: Bổ sung theo EPIC03 | O26: Danh sách hiển thị đúng phạm vi dữ liệu và hỗ trợ lọc/xuất theo quyền.
A27: 23 | B27: IAM-RBAC-002 | C27: Truy cập, Tổ chức & Phân quyền | D27: Vai trò & phân quyền | E27: Vai trò nghiệp vụ | F27: Tạo mới Vai trò nghiệp vụ | G27: Khởi tạo Vai trò nghiệp vụ, kiểm tra dữ liệu bắt buộc và lưu nháp trước khi hoàn tất. | H27: Quản trị hệ thống | I27: Nghiệp vụ | K27: Must | L27: Pha 1 | M27: Đề xuất trong phạm vi | N27: Bổ sung theo EPIC03 | O27: Dữ liệu hợp lệ được lưu; lỗi validation hiển thị tại trường tương ứng.
A28: 24 | B28: IAM-RBAC-003 | C28: Truy cập, Tổ chức & Phân quyền | D28: Vai trò & phân quyền | E28: Vai trò nghiệp vụ | F28: Xem chi tiết Vai trò nghiệp vụ | G28: Hiển thị thông tin tổng quan, dữ liệu chi tiết, tài liệu liên quan và trạng thái của Vai trò nghiệp vụ. | H28: Quản trị hệ thống | I28: Nghiệp vụ | K28: Must | L28: Pha 1 | M28: Đề xuất trong phạm vi | N28: Bổ sung theo EPIC03 | O28: Thông tin hiển thị đúng phiên bản và quyền truy cập.
A29: 25 | B29: IAM-RBAC-004 | C29: Truy cập, Tổ chức & Phân quyền | D29: Vai trò & phân quyền | E29: Vai trò nghiệp vụ | F29: Chỉnh sửa Vai trò nghiệp vụ | G29: Cập nhật Vai trò nghiệp vụ khi trạng thái và quyền người dùng cho phép; kiểm soát xung đột cập nhật. | H29: Quản trị hệ thống | I29: Nghiệp vụ | K29: Must | L29: Pha 1 | M29: Đề xuất trong phạm vi | N29: Bổ sung theo EPIC03 | O29: Chỉ trường được phép sửa có hiệu lực và thay đổi được ghi lịch sử.
A30: 26 | B30: IAM-RBAC-005 | C30: Truy cập, Tổ chức & Phân quyền | D30: Vai trò & phân quyền | E30: Vai trò nghiệp vụ | F30: Xóa/Ngừng sử dụng Vai trò nghiệp vụ | G30: Xóa logic hoặc ngừng sử dụng Vai trò nghiệp vụ sau khi kiểm tra ràng buộc tham chiếu. | H30: Quản trị hệ thống | I30: Quản trị/Cán bộ nghiệp vụ | K30: Should | L30: Pha 1 | M30: Đề xuất trong phạm vi | N30: Bổ sung theo EPIC03 | O30: Không xóa vật lý dữ liệu đã phát sinh giao dịch; cảnh báo rõ quan hệ phụ thuộc.
A31: 27 | B31: IAM-RBAC-006 | C31: Truy cập, Tổ chức & Phân quyền | D31: Vai trò & phân quyền | E31: Vai trò nghiệp vụ | F31: Xem lịch sử Vai trò nghiệp vụ | G31: Theo dõi phiên bản, thay đổi dữ liệu, người thực hiện và lịch sử xử lý của Vai trò nghiệp vụ. | H31: Quản trị hệ thống | I31: Cán bộ nghiệp vụ/Quản trị | J31: Audit | L31: Must | M31: Pha 1 | N31: Đề xuất trong phạm vi | O31: Bổ sung theo EPIC03
A32: 28 | B32: IAM-RBAC-007 | C32: Truy cập, Tổ chức & Phân quyền | D32: Vai trò & phân quyền | E32: Ma trận quyền | F32: Cấu hình ma trận Role × Chức năng × Quyền | G32: Quản lý quyền xem, tạo, sửa, xóa, trình, duyệt, xuất và quản trị theo vai trò. | H32: Quản trị hệ thống | I32: Phân quyền | K32: Must | L32: Pha 1 | M32: Đề xuất trong phạm vi | N32: Bổ sung
A33: 29 | B33: IAM-RBAC-008 | C33: Truy cập, Tổ chức & Phân quyền | D33: Vai trò & phân quyền | E33: Phạm vi dữ liệu | F33: Cấu hình loại phạm vi dữ liệu | G33: Hỗ trợ bản thân, đơn vị, cây đơn vị, nhiệm vụ được giao và toàn hệ thống. | H33: Quản trị hệ thống | I33: Phân quyền | K33: Must | L33: Pha 1 | M33: Đề xuất trong phạm vi | N33: Bổ sung
A34: 30 | B34: IAM-RBAC-009 | C34: Truy cập, Tổ chức & Phân quyền | D34: Vai trò & phân quyền | E34: Mô phỏng | F34: Mô phỏng quyền hiệu lực | G34: Giải thích quyền thao tác từ role policy và phạm vi dữ liệu từ user assignment. | H34: Quản trị hệ thống/Audit | I34: Phân quyền | K34: Should | L34: Pha 2 | M34: Đề xuất trong phạm vi | N34: Bổ sung
A35: 31 | B35: MIS-MISSION-001 | C35: Quản lý Nhiệm vụ KHCN | D35: Hồ sơ nhiệm vụ | E35: Nhiệm vụ KHCN | F35: Xem danh sách Nhiệm vụ KHCN | G35: Tra cứu danh sách, phân trang, sắp xếp và lọc Nhiệm vụ KHCN theo các tiêu chí nghiệp vụ. | H35: Cán bộ KHCN/Chủ nhiệm | I35: Nghiệp vụ | K35: Must | L35: Pha 1 | M35: Đề xuất trong phạm vi | N35: Hiệu chỉnh từ VHT_WBS | O35: Danh sách hiển thị đúng phạm vi dữ liệu và hỗ trợ lọc/xuất theo quyền.
A36: 32 | B36: MIS-MISSION-002 | C36: Quản lý Nhiệm vụ KHCN | D36: Hồ sơ nhiệm vụ | E36: Nhiệm vụ KHCN | F36: Tạo mới Nhiệm vụ KHCN | G36: Khởi tạo Nhiệm vụ KHCN, kiểm tra dữ liệu bắt buộc và lưu nháp trước khi hoàn tất. | H36: Cán bộ KHCN/Chủ nhiệm | I36: Nghiệp vụ | K36: Must | L36: Pha 1 | M36: Đề xuất trong phạm vi | N36: Hiệu chỉnh từ VHT_WBS | O36: Dữ liệu hợp lệ được lưu; lỗi validation hiển thị tại trường tương ứng.
A37: 33 | B37: MIS-MISSION-003 | C37: Quản lý Nhiệm vụ KHCN | D37: Hồ sơ nhiệm vụ | E37: Nhiệm vụ KHCN | F37: Xem chi tiết Nhiệm vụ KHCN | G37: Hiển thị thông tin tổng quan, dữ liệu chi tiết, tài liệu liên quan và trạng thái của Nhiệm vụ KHCN. | H37: Cán bộ KHCN/Chủ nhiệm | I37: Nghiệp vụ | K37: Must | L37: Pha 1 | M37: Đề xuất trong phạm vi | N37: Hiệu chỉnh từ VHT_WBS | O37: Thông tin hiển thị đúng phiên bản và quyền truy cập.
A38: 34 | B38: MIS-MISSION-004 | C38: Quản lý Nhiệm vụ KHCN | D38: Hồ sơ nhiệm vụ | E38: Nhiệm vụ KHCN | F38: Chỉnh sửa Nhiệm vụ KHCN | G38: Cập nhật Nhiệm vụ KHCN khi trạng thái và quyền người dùng cho phép; kiểm soát xung đột cập nhật. | H38: Cán bộ KHCN/Chủ nhiệm | I38: Nghiệp vụ | K38: Must | L38: Pha 1 | M38: Đề xuất trong phạm vi | N38: Hiệu chỉnh từ VHT_WBS | O38: Chỉ trường được phép sửa có hiệu lực và thay đổi được ghi lịch sử.
A39: 35 | B39: MIS-MISSION-005 | C39: Quản lý Nhiệm vụ KHCN | D39: Hồ sơ nhiệm vụ | E39: Nhiệm vụ KHCN | F39: Xóa/Ngừng sử dụng Nhiệm vụ KHCN | G39: Xóa logic hoặc ngừng sử dụng Nhiệm vụ KHCN sau khi kiểm tra ràng buộc tham chiếu. | H39: Cán bộ KHCN/Chủ nhiệm | I39: Quản trị/Cán bộ nghiệp vụ | K39: Should | L39: Pha 1 | M39: Đề xuất trong phạm vi | N39: Hiệu chỉnh từ VHT_WBS | O39: Không xóa vật lý dữ liệu đã phát sinh giao dịch; cảnh báo rõ quan hệ phụ thuộc.
A40: 36 | B40: MIS-MISSION-006 | C40: Quản lý Nhiệm vụ KHCN | D40: Hồ sơ nhiệm vụ | E40: Nhiệm vụ KHCN | F40: Xem lịch sử Nhiệm vụ KHCN | G40: Theo dõi phiên bản, thay đổi dữ liệu, người thực hiện và lịch sử xử lý của Nhiệm vụ KHCN. | H40: Cán bộ KHCN/Chủ nhiệm | I40: Cán bộ nghiệp vụ/Quản trị | J40: Audit | L40: Must | M40: Pha 1 | N40: Đề xuất trong phạm vi | O40: Hiệu chỉnh từ VHT_WBS
A41: 37 | B41: MIS-MISSION-007 | C41: Quản lý Nhiệm vụ KHCN | D41: Hồ sơ nhiệm vụ | E41: Vòng đời | F41: Quản lý trạng thái vòng đời nhiệm vụ | G41: Quản lý chuyển trạng thái từ đề xuất, phê duyệt, thực hiện, điều chỉnh, nghiệm thu, quyết toán đến đóng nhiệm vụ. | H41: Cán bộ KHCN | I41: Nghiệp vụ | J41: RD01-RD10 | K41: Must | L41: Pha 1 | M41: Đề xuất trong phạm vi | N41: Bổ sung
A42: 38 | B42: MIS-MISSION-008 | C42: Quản lý Nhiệm vụ KHCN | D42: Hồ sơ nhiệm vụ | E42: Quan hệ hồ sơ | F42: Liên kết nhiệm vụ với các hồ sơ quy trình | G42: Tổng hợp toàn bộ dossier, process instance, quyết định, tài liệu và sản phẩm theo missionId. | H42: Cán bộ KHCN/Chủ nhiệm | I42: Nghiệp vụ | J42: RD01-RD10 | K42: Must | L42: Pha 1 | M42: Đề xuất trong phạm vi | N42: Bổ sung
A43: 39 | B43: MIS-MISSION-009 | C43: Quản lý Nhiệm vụ KHCN | D43: Hồ sơ nhiệm vụ | E43: Tra cứu | F43: Tìm kiếm nâng cao nhiệm vụ | G43: Tìm theo mã, tên, lĩnh vực, cấp, đơn vị, chủ nhiệm, trạng thái, thời gian và nguồn kinh phí. | H43: Người dùng nghiệp vụ | I43: Nghiệp vụ | K43: Must | L43: Pha 1 | M43: Đề xuất trong phạm vi | N43: Bổ sung
A44: 40 | B44: MIS-MISSION-010 | C44: Quản lý Nhiệm vụ KHCN | D44: Hồ sơ nhiệm vụ | E44: Mã hóa | F44: Sinh và quản lý mã nhiệm vụ | G44: Sinh mã theo quy tắc cấu hình, bảo đảm duy nhất và hỗ trợ mã kế thừa từ hệ thống ngoài. | H44: Cán bộ KHCN | I44: Cấu hình | K44: Should | L44: Pha 1 | M44: Đề xuất trong phạm vi | N44: Bổ sung
A45: 41 | B45: MIS-MISSION-011 | C45: Quản lý Nhiệm vụ KHCN | D45: Hồ sơ nhiệm vụ | E45: Tổng quan 360° | F45: Xem hồ sơ nhiệm vụ 360° | G45: Hiển thị thông tin, tiến độ, kinh phí, nhân sự, hồ sơ, hội đồng, sản phẩm, rủi ro và lịch sử trên một màn hình. | H45: Cán bộ KHCN/Lãnh đạo/Chủ nhiệm | I45: Nghiệp vụ | K45: Should | L45: Pha 2 | M45: Đề xuất trong phạm vi | N45: Bổ sung
A46: 42 | B46: MIS-MISSION-012 | C46: Quản lý Nhiệm vụ KHCN | D46: Hồ sơ nhiệm vụ | E46: Phân loại | F46: Quản lý lĩnh vực, cấp và loại nhiệm vụ | G46: Áp dụng danh mục và rule theo lĩnh vực nghiên cứu, cấp quản lý, loại hình và mức độ bảo mật. | H46: Cán bộ KHCN | I46: Nghiệp vụ | K46: Must | L46: Pha 1 | M46: Đề xuất trong phạm vi | N46: Bổ sung
A47: 43 | B47: PRP-RD01-001 | C47: Chủ trương & Xét duyệt | D47: Xét duyệt chủ trương | E47: Hồ sơ chủ trương | F47: Xem danh sách Hồ sơ chủ trương | G47: Tra cứu danh sách, phân trang, sắp xếp và lọc Hồ sơ chủ trương theo các tiêu chí nghiệp vụ. | H47: Người đề xuất/Cán bộ KHCN | I47: Nghiệp vụ | J47: RD01 | K47: Must | L47: Pha 1 | M47: Đề xuất trong phạm vi | N47: Hiệu chỉnh từ VHT_WBS | O47: Danh sách hiển thị đúng phạm vi dữ liệu và hỗ trợ lọc/xuất theo quyền.
A48: 44 | B48: PRP-RD01-002 | C48: Chủ trương & Xét duyệt | D48: Xét duyệt chủ trương | E48: Hồ sơ chủ trương | F48: Tạo mới Hồ sơ chủ trương | G48: Khởi tạo Hồ sơ chủ trương, kiểm tra dữ liệu bắt buộc và lưu nháp trước khi hoàn tất. | H48: Người đề xuất/Cán bộ KHCN | I48: Nghiệp vụ | J48: RD01 | K48: Must | L48: Pha 1 | M48: Đề xuất trong phạm vi | N48: Hiệu chỉnh từ VHT_WBS | O48: Dữ liệu hợp lệ được lưu; lỗi validation hiển thị tại trường tương ứng.
A49: 45 | B49: PRP-RD01-003 | C49: Chủ trương & Xét duyệt | D49: Xét duyệt chủ trương | E49: Hồ sơ chủ trương | F49: Xem chi tiết Hồ sơ chủ trương | G49: Hiển thị thông tin tổng quan, dữ liệu chi tiết, tài liệu liên quan và trạng thái của Hồ sơ chủ trương. | H49: Người đề xuất/Cán bộ KHCN | I49: Nghiệp vụ | J49: RD01 | K49: Must | L49: Pha 1 | M49: Đề xuất trong phạm vi | N49: Hiệu chỉnh từ VHT_WBS | O49: Thông tin hiển thị đúng phiên bản và quyền truy cập.
A50: 46 | B50: PRP-RD01-004 | C50: Chủ trương & Xét duyệt | D50: Xét duyệt chủ trương | E50: Hồ sơ chủ trương | F50: Chỉnh sửa Hồ sơ chủ trương | G50: Cập nhật Hồ sơ chủ trương khi trạng thái và quyền người dùng cho phép; kiểm soát xung đột cập nhật. | H50: Người đề xuất/Cán bộ KHCN | I50: Nghiệp vụ | J50: RD01 | K50: Must | L50: Pha 1 | M50: Đề xuất trong phạm vi | N50: Hiệu chỉnh từ VHT_WBS | O50: Chỉ trường được phép sửa có hiệu lực và thay đổi được ghi lịch sử.
A51: 47 | B51: PRP-RD01-005 | C51: Chủ trương & Xét duyệt | D51: Xét duyệt chủ trương | E51: Hồ sơ chủ trương | F51: Xóa/Ngừng sử dụng Hồ sơ chủ trương | G51: Xóa logic hoặc ngừng sử dụng Hồ sơ chủ trương sau khi kiểm tra ràng buộc tham chiếu. | H51: Người đề xuất/Cán bộ KHCN | I51: Quản trị/Cán bộ nghiệp vụ | J51: RD01 | K51: Should | L51: Pha 1 | M51: Đề xuất trong phạm vi | N51: Hiệu chỉnh từ VHT_WBS | O51: Không xóa vật lý dữ liệu đã phát sinh giao dịch; cảnh báo rõ quan hệ phụ thuộc.
A52: 48 | B52: PRP-RD01-006 | C52: Chủ trương & Xét duyệt | D52: Xét duyệt chủ trương | E52: Hồ sơ chủ trương | F52: Trình duyệt Hồ sơ chủ trương | G52: Kiểm tra điều kiện, khóa phiên bản trình và khởi tạo/tiếp tục quy trình phê duyệt Hồ sơ chủ trương. | H52: Người đề xuất/Cán bộ KHCN | I52: Người lập/Chủ nhiệm nhiệm vụ | J52: Workflow | K52: RD01 | L52: Must | M52: Pha 1 | N52: Đề xuất trong phạm vi | O52: Hiệu chỉnh từ VHT_WBS
A53: 49 | B53: PRP-RD01-007 | C53: Chủ trương & Xét duyệt | D53: Xét duyệt chủ trương | E53: Hồ sơ chủ trương | F53: Xem lịch sử Hồ sơ chủ trương | G53: Theo dõi phiên bản, thay đổi dữ liệu, người thực hiện và lịch sử xử lý của Hồ sơ chủ trương. | H53: Người đề xuất/Cán bộ KHCN | I53: Cán bộ nghiệp vụ/Quản trị | J53: Audit | K53: RD01 | L53: Must | M53: Pha 1 | N53: Đề xuất trong phạm vi | O53: Hiệu chỉnh từ VHT_WBS
A54: 50 | B54: PRP-RD01-008 | C54: Chủ trương & Xét duyệt | D54: Xét duyệt chủ trương | E54: Nội dung đề xuất | F54: Khai báo căn cứ, mục tiêu, phạm vi và hiệu quả dự kiến | G54: Ghi nhận đầy đủ cơ sở hình thành, mục tiêu, phạm vi, sản phẩm và giá trị dự kiến của chủ trương. | H54: Người đề xuất | I54: Nghiệp vụ | J54: RD01 | K54: Must | L54: Pha 1 | M54: Đề xuất trong phạm vi | N54: Bổ sung
A55: 51 | B55: PRP-RD01-009 | C55: Chủ trương & Xét duyệt | D55: Xét duyệt chủ trương | E55: Dự kiến nguồn lực | F55: Khai báo kinh phí, tiến độ và nguồn lực dự kiến | G55: Quản lý tổng mức dự kiến, nguồn vốn, thời gian và đơn vị chủ trì/phối hợp. | H55: Người đề xuất | I55: Nghiệp vụ | J55: RD01 | K55: Must | L55: Pha 1 | M55: Đề xuất trong phạm vi | N55: Bổ sung
A56: 52 | B56: PRP-RD01-010 | C56: Chủ trương & Xét duyệt | D56: Xét duyệt chủ trương | E56: Kết quả | F56: Lập và ban hành quyết định chủ trương | G56: Tạo quyết định từ mẫu, ký số/ban hành và cập nhật kết quả vào nhiệm vụ. | H56: Cán bộ KHCN/Lãnh đạo | I56: Workflow | J56: RD01 | K56: Must | L56: Pha 1 | M56: Đề xuất trong phạm vi | N56: Bổ sung
A57: 53 | B57: PRP-RD02-001 | C57: Chủ trương & Xét duyệt | D57: Xét duyệt nhiệm vụ | E57: Hồ sơ xét duyệt nhiệm vụ | F57: Xem danh sách Hồ sơ xét duyệt nhiệm vụ | G57: Tra cứu danh sách, phân trang, sắp xếp và lọc Hồ sơ xét duyệt nhiệm vụ theo các tiêu chí nghiệp vụ. | H57: Chủ nhiệm/Cán bộ KHCN | I57: Nghiệp vụ | J57: RD02 | K57: Must | L57: Pha 1 | M57: Đề xuất trong phạm vi | N57: Hiệu chỉnh từ VHT_WBS | O57: Danh sách hiển thị đúng phạm vi dữ liệu và hỗ trợ lọc/xuất theo quyền.
A58: 54 | B58: PRP-RD02-002 | C58: Chủ trương & Xét duyệt | D58: Xét duyệt nhiệm vụ | E58: Hồ sơ xét duyệt nhiệm vụ | F58: Tạo mới Hồ sơ xét duyệt nhiệm vụ | G58: Khởi tạo Hồ sơ xét duyệt nhiệm vụ, kiểm tra dữ liệu bắt buộc và lưu nháp trước khi hoàn tất. | H58: Chủ nhiệm/Cán bộ KHCN | I58: Nghiệp vụ | J58: RD02 | K58: Must | L58: Pha 1 | M58: Đề xuất trong phạm vi | N58: Hiệu chỉnh từ VHT_WBS | O58: Dữ liệu hợp lệ được lưu; lỗi validation hiển thị tại trường tương ứng.
A59: 55 | B59: PRP-RD02-003 | C59: Chủ trương & Xét duyệt | D59: Xét duyệt nhiệm vụ | E59: Hồ sơ xét duyệt nhiệm vụ | F59: Xem chi tiết Hồ sơ xét duyệt nhiệm vụ | G59: Hiển thị thông tin tổng quan, dữ liệu chi tiết, tài liệu liên quan và trạng thái của Hồ sơ xét duyệt nhiệm vụ. | H59: Chủ nhiệm/Cán bộ KHCN | I59: Nghiệp vụ | J59: RD02 | K59: Must | L59: Pha 1 | M59: Đề xuất trong phạm vi | N59: Hiệu chỉnh từ VHT_WBS | O59: Thông tin hiển thị đúng phiên bản và quyền truy cập.
A60: 56 | B60: PRP-RD02-004 | C60: Chủ trương & Xét duyệt | D60: Xét duyệt nhiệm vụ | E60: Hồ sơ xét duyệt nhiệm vụ | F60: Chỉnh sửa Hồ sơ xét duyệt nhiệm vụ | G60: Cập nhật Hồ sơ xét duyệt nhiệm vụ khi trạng thái và quyền người dùng cho phép; kiểm soát xung đột cập nhật. | H60: Chủ nhiệm/Cán bộ KHCN | I60: Nghiệp vụ | J60: RD02 | K60: Must | L60: Pha 1 | M60: Đề xuất trong phạm vi | N60: Hiệu chỉnh từ VHT_WBS | O60: Chỉ trường được phép sửa có hiệu lực và thay đổi được ghi lịch sử.
A61: 57 | B61: PRP-RD02-005 | C61: Chủ trương & Xét duyệt | D61: Xét duyệt nhiệm vụ | E61: Hồ sơ xét duyệt nhiệm vụ | F61: Xóa/Ngừng sử dụng Hồ sơ xét duyệt nhiệm vụ | G61: Xóa logic hoặc ngừng sử dụng Hồ sơ xét duyệt nhiệm vụ sau khi kiểm tra ràng buộc tham chiếu. | H61: Chủ nhiệm/Cán bộ KHCN | I61: Quản trị/Cán bộ nghiệp vụ | J61: RD02 | K61: Should | L61: Pha 1 | M61: Đề xuất trong phạm vi | N61: Hiệu chỉnh từ VHT_WBS | O61: Không xóa vật lý dữ liệu đã phát sinh giao dịch; cảnh báo rõ quan hệ phụ thuộc.
A62: 58 | B62: PRP-RD02-006 | C62: Chủ trương & Xét duyệt | D62: Xét duyệt nhiệm vụ | E62: Hồ sơ xét duyệt nhiệm vụ | F62: Trình duyệt Hồ sơ xét duyệt nhiệm vụ | G62: Kiểm tra điều kiện, khóa phiên bản trình và khởi tạo/tiếp tục quy trình phê duyệt Hồ sơ xét duyệt nhiệm vụ. | H62: Chủ nhiệm/Cán bộ KHCN | I62: Người lập/Chủ nhiệm nhiệm vụ | J62: Workflow | K62: RD02 | L62: Must | M62: Pha 1 | N62: Đề xuất trong phạm vi | O62: Hiệu chỉnh từ VHT_WBS
A63: 59 | B63: PRP-RD02-007 | C63: Chủ trương & Xét duyệt | D63: Xét duyệt nhiệm vụ | E63: Hồ sơ xét duyệt nhiệm vụ | F63: Xem lịch sử Hồ sơ xét duyệt nhiệm vụ | G63: Theo dõi phiên bản, thay đổi dữ liệu, người thực hiện và lịch sử xử lý của Hồ sơ xét duyệt nhiệm vụ. | H63: Chủ nhiệm/Cán bộ KHCN | I63: Cán bộ nghiệp vụ/Quản trị | J63: Audit | K63: RD02 | L63: Must | M63: Pha 1 | N63: Đề xuất trong phạm vi | O63: Hiệu chỉnh từ VHT_WBS
A64: 60 | B64: PRP-RD02-008 | C64: Chủ trương & Xét duyệt | D64: Xét duyệt nhiệm vụ | E64: Thuyết minh | F64: Lập thuyết minh nhiệm vụ | G64: Quản lý mục tiêu, nội dung nghiên cứu, phương pháp, sản phẩm, kế hoạch và tổ chức thực hiện. | H64: Chủ nhiệm nhiệm vụ | I64: Nghiệp vụ | J64: RD02 | K64: Must | L64: Pha 1 | M64: Đề xuất trong phạm vi | N64: Bổ sung
A65: 61 | B65: PRP-RD02-009 | C65: Chủ trương & Xét duyệt | D65: Xét duyệt nhiệm vụ | E65: Dự toán | F65: Lập và thẩm định dự toán | G65: Khai báo khoản mục, nguồn kinh phí, năm thực hiện; kiểm tra định mức và tổng hợp thẩm định. | H65: Chủ nhiệm/Tài chính/Cán bộ KHCN | I65: Nghiệp vụ | J65: RD02 | K65: Must | L65: Pha 1 | M65: Đề xuất trong phạm vi | N65: Bổ sung
A66: 62 | B66: PRP-RD02-010 | C66: Chủ trương & Xét duyệt | D66: Xét duyệt nhiệm vụ | E66: Thẩm định | F66: Phân công thẩm định và tổng hợp ý kiến | G66: Phân công chuyên gia/đơn vị, thu nhận ý kiến, yêu cầu bổ sung và tổng hợp kết quả. | H66: Cán bộ KHCN/Chuyên gia | I66: Workflow | J66: RD02 | K66: Must | L66: Pha 1 | M66: Đề xuất trong phạm vi | N66: Bổ sung
A67: 63 | B67: PRP-RD02-011 | C67: Chủ trương & Xét duyệt | D67: Xét duyệt nhiệm vụ | E67: Kết quả | F67: Ban hành quyết định giao nhiệm vụ | G67: Sinh quyết định từ kết quả duyệt, ký số, cấp mã và kích hoạt giai đoạn thực hiện. | H67: Cán bộ KHCN/Lãnh đạo | I67: Workflow | J67: RD02 | K67: Must | L67: Pha 1 | M67: Đề xuất trong phạm vi | N67: Bổ sung
A68: 64 | B68: TSK-WORK-001 | C68: Không gian làm việc & Task | D68: Việc của tôi | E68: Danh sách công việc | F68: Xem danh sách việc của tôi | G68: Tổng hợp task Camunda và ngữ cảnh nghiệp vụ, phân nhóm chờ xử lý, đã xử lý, quá hạn và được ủy quyền. | H68: Tất cả người dùng nghiệp vụ | I68: Workflow | K68: Must | L68: Pha 1 | M68: Đề xuất trong phạm vi | N68: Hiệu chỉnh từ VHT_WBS
A69: 65 | B69: TSK-WORK-002 | C69: Không gian làm việc & Task | D69: Việc của tôi | E69: Danh sách công việc | F69: Tìm kiếm, lọc và lưu chế độ xem | G69: Lọc theo quy trình, loại hồ sơ, đơn vị, hạn xử lý, trạng thái và mức ưu tiên; lưu bộ lọc cá nhân. | H69: Tất cả người dùng nghiệp vụ | I69: Workflow | K69: Must | L69: Pha 1 | M69: Đề xuất trong phạm vi | N69: Bổ sung
A70: 66 | B70: TSK-WORK-003 | C70: Không gian làm việc & Task | D70: Việc của tôi | E70: Chi tiết task | F70: Xem màn hình xử lý task hợp nhất | G70: Hiển thị nhiệm vụ, hồ sơ, tài liệu, biểu mẫu, lịch sử, SLA và action khả dụng. | H70: Người xử lý | I70: Workflow | K70: Must | L70: Pha 1 | M70: Đề xuất trong phạm vi | N70: Bổ sung
A71: 67 | B71: TSK-ACTION-001 | C71: Không gian làm việc & Task | D71: Xử lý task | E71: Thao tác chuẩn | F71: Nhận/claim task | G71: Nhận xử lý task đang ở nhóm ứng viên. | H71: Người xử lý/Người lập | I71: Workflow | K71: Must | L71: Pha 1 | M71: Đề xuất trong phạm vi | N71: Bổ sung
A72: 68 | B72: TSK-ACTION-002 | C72: Không gian làm việc & Task | D72: Xử lý task | E72: Thao tác chuẩn | F72: Gửi duyệt hồ sơ | G72: Khóa phiên bản hồ sơ và chuyển vào tuyến xử lý. | H72: Người xử lý/Người lập | I72: Workflow | K72: Must | L72: Pha 1 | M72: Đề xuất trong phạm vi | N72: Bổ sung
A73: 69 | B73: TSK-ACTION-003 | C73: Không gian làm việc & Task | D73: Xử lý task | E73: Thao tác chuẩn | F73: Đồng ý duyệt | G73: Hoàn tất task với outcome APPROVE và định tuyến bước tiếp theo. | H73: Người xử lý/Người lập | I73: Workflow | K73: Must | L73: Pha 1 | M73: Đề xuất trong phạm vi | N73: Bổ sung
A74: 70 | B74: TSK-ACTION-004 | C74: Không gian làm việc & Task | D74: Xử lý task | E74: Thao tác chuẩn | F74: Yêu cầu điều chỉnh/bổ sung | G74: Trả hồ sơ theo nhánh RETURN, bắt buộc ghi lý do và nội dung cần bổ sung. | H74: Người xử lý/Người lập | I74: Workflow | K74: Must | L74: Pha 1 | M74: Đề xuất trong phạm vi | N74: Bổ sung
A75: 71 | B75: TSK-ACTION-005 | C75: Không gian làm việc & Task | D75: Xử lý task | E75: Thao tác chuẩn | F75: Từ chối duyệt | G75: Hoàn tất task theo nhánh REJECT, bắt buộc lý do và xác nhận. | H75: Người xử lý/Người lập | I75: Workflow | K75: Must | L75: Pha 1 | M75: Đề xuất trong phạm vi | N75: Bổ sung
A76: 72 | B76: TSK-ACTION-006 | C76: Không gian làm việc & Task | D76: Xử lý task | E76: Thao tác chuẩn | F76: Bổ sung ý kiến/thảo luận | G76: Trao đổi theo hồ sơ/task, hỗ trợ mention và thông báo. | H76: Người xử lý/Người lập | I76: Workflow | K76: Must | L76: Pha 1 | M76: Đề xuất trong phạm vi | N76: Bổ sung
A77: 73 | B77: TSK-ACTION-007 | C77: Không gian làm việc & Task | D77: Xử lý task | E77: Thao tác chuẩn | F77: Tải lên và xem tài liệu | G77: Quản lý tài liệu hỗ trợ theo quyền xem/tải. | H77: Người xử lý/Người lập | I77: Workflow | K77: Must | L77: Pha 1 | M77: Đề xuất trong phạm vi | N77: Bổ sung
A78: 74 | B78: TSK-ACTION-008 | C78: Không gian làm việc & Task | D78: Xử lý task | E78: Thao tác chuẩn | F78: Xuất PDF/In hồ sơ | G78: Kết xuất hồ sơ theo mẫu và quyền dữ liệu. | H78: Người xử lý/Người lập | I78: Workflow | K78: Must | L78: Pha 1 | M78: Đề xuất trong phạm vi | N78: Bổ sung
A79: 75 | B79: TSK-ACTION-009 | C79: Không gian làm việc & Task | D79: Xử lý task | E79: Thao tác chuẩn | F79: Xem lịch sử và audit | G79: Theo dõi timeline xử lý, action và thay đổi dữ liệu. | H79: Người xử lý/Người lập | I79: Workflow | K79: Must | L79: Pha 1 | M79: Đề xuất trong phạm vi | N79: Bổ sung
... A89: 85 | B89: TSK-EXC-008 | C89: Không gian làm việc & Task | D89: Xử lý ngoại lệ có kiểm soát | E89: Exception action | F89: Yêu cầu phê duyệt khẩn | G89: Áp dụng tuyến khẩn, SLA riêng và audit đầy đủ. | H89: Người yêu cầu/Người duyệt ngoại lệ | I89: Workflow | K89: Could | L89: Pha 3 | M89: Cần xác nhận | N89: Bổ sung theo controlled-exception-handling
A90: 86 | B90: DOC-DOS-001 | C90: Hồ sơ, Tài liệu & Biểu mẫu | D90: Quản trị hồ sơ | E90: Hồ sơ dùng chung | F90: Quản lý hồ sơ theo loại và phiên bản | G90: Dùng mô hình dossier chung cho RD01-RD10; lưu trạng thái, phiên bản, chủ thể và business key. | H90: Cán bộ KHCN | I90: Nền tảng | J90: RD01-RD10 | K90: Must | L90: Pha 1 | M90: Đề xuất trong phạm vi | N90: Bổ sung
A91: 87 | B91: DOC-DOS-002 | C91: Hồ sơ, Tài liệu & Biểu mẫu | D91: Quản trị hồ sơ | E91: Hồ sơ dùng chung | F91: Checklist thành phần hồ sơ | G91: Cấu hình và kiểm tra thành phần bắt buộc theo loại hồ sơ, bước và điều kiện nghiệp vụ. | H91: Người lập/Cán bộ KHCN | I91: Nghiệp vụ | J91: RD01-RD10 | K91: Must | L91: Pha 1 | M91: Đề xuất trong phạm vi | N91: Bổ sung
A92: 88 | B92: DOC-DOS-003 | C92: Hồ sơ, Tài liệu & Biểu mẫu | D92: Quản trị hồ sơ | E92: Hồ sơ dùng chung | F92: So sánh phiên bản hồ sơ | G92: Hiển thị khác biệt dữ liệu và tài liệu giữa các lần trình/bổ sung. | H92: Người xử lý/Audit | I92: Audit | J92: RD01-RD10 | K92: Should | L92: Pha 2 | M92: Đề xuất trong phạm vi | N92: Bổ sung
A93: 89 | B93: DOC-DOS-004 | C93: Hồ sơ, Tài liệu & Biểu mẫu | D93: Quản trị hồ sơ | E93: Hồ sơ dùng chung | F93: Khóa/mở khóa phiên bản trình duyệt | G93: Ngăn sửa dữ liệu đã trình; chỉ tạo phiên bản bổ sung theo đúng luồng. | H93: Người lập/Cán bộ KHCN | I93: Nền tảng | J93: RD01-RD10 | K93: Must | L93: Pha 1 | M93: Đề xuất trong phạm vi | N93: Bổ sung
A94: 90 | B94: DOC-FORM-001 | C94: Hồ sơ, Tài liệu & Biểu mẫu | D94: Biểu mẫu động | E94: Biểu mẫu điện tử (eForm) | F94: Xem danh sách Biểu mẫu điện tử (eForm) | G94: Tra cứu danh sách, phân trang, sắp xếp và lọc Biểu mẫu điện tử (eForm) theo các tiêu chí nghiệp vụ. | H94: Quản trị cấu hình | I94: Nghiệp vụ | K94: Must | L94: Pha 1 | M94: Đề xuất trong phạm vi | N94: Hiệu chỉnh từ VHT_WBS | O94: Danh sách hiển thị đúng phạm vi dữ liệu và hỗ trợ lọc/xuất theo quyền.
A95: 91 | B95: DOC-FORM-002 | C95: Hồ sơ, Tài liệu & Biểu mẫu | D95: Biểu mẫu động | E95: Biểu mẫu điện tử (eForm) | F95: Tạo mới Biểu mẫu điện tử (eForm) | G95: Khởi tạo Biểu mẫu điện tử (eForm), kiểm tra dữ liệu bắt buộc và lưu nháp trước khi hoàn tất. | H95: Quản trị cấu hình | I95: Nghiệp vụ | K95: Must | L95: Pha 1 | M95: Đề xuất trong phạm vi | N95: Hiệu chỉnh từ VHT_WBS | O95: Dữ liệu hợp lệ được lưu; lỗi validation hiển thị tại trường tương ứng.
A96: 92 | B96: DOC-FORM-003 | C96: Hồ sơ, Tài liệu & Biểu mẫu | D96: Biểu mẫu động | E96: Biểu mẫu điện tử (eForm) | F96: Sao chép Biểu mẫu điện tử (eForm) | G96: Tạo bản mới từ một Biểu mẫu điện tử (eForm) hiện hữu và loại bỏ các thông tin không được kế thừa. | H96: Quản trị cấu hình | I96: Nghiệp vụ | K96: Should | L96: Pha 1 | M96: Đề xuất trong phạm vi | N96: Hiệu chỉnh từ VHT_WBS | O96: Bản sao có mã/phiên bản mới và không làm thay đổi bản nguồn.
A97: 93 | B97: DOC-FORM-004 | C97: Hồ sơ, Tài liệu & Biểu mẫu | D97: Biểu mẫu động | E97: Biểu mẫu điện tử (eForm) | F97: Xem chi tiết Biểu mẫu điện tử (eForm) | G97: Hiển thị thông tin tổng quan, dữ liệu chi tiết, tài liệu liên quan và trạng thái của Biểu mẫu điện tử (eForm). | H97: Quản trị cấu hình | I97: Nghiệp vụ | K97: Must | L97: Pha 1 | M97: Đề xuất trong phạm vi | N97: Hiệu chỉnh từ VHT_WBS | O97: Thông tin hiển thị đúng phiên bản và quyền truy cập.
A98: 94 | B98: DOC-FORM-005 | C98: Hồ sơ, Tài liệu & Biểu mẫu | D98: Biểu mẫu động | E98: Biểu mẫu điện tử (eForm) | F98: Chỉnh sửa Biểu mẫu điện tử (eForm) | G98: Cập nhật Biểu mẫu điện tử (eForm) khi trạng thái và quyền người dùng cho phép; kiểm soát xung đột cập nhật. | H98: Quản trị cấu hình | I98: Nghiệp vụ | K98: Must | L98: Pha 1 | M98: Đề xuất trong phạm vi | N98: Hiệu chỉnh từ VHT_WBS | O98: Chỉ trường được phép sửa có hiệu lực và thay đổi được ghi lịch sử.
A99: 95 | B99: DOC-FORM-006 | C99: Hồ sơ, Tài liệu & Biểu mẫu | D99: Biểu mẫu động | E99: Biểu mẫu điện tử (eForm) | F99: Xóa/Ngừng sử dụng Biểu mẫu điện tử (eForm) | G99: Xóa logic hoặc ngừng sử dụng Biểu mẫu điện tử (eForm) sau khi kiểm tra ràng buộc tham chiếu. | H99: Quản trị cấu hình | I99: Quản trị/Cán bộ nghiệp vụ | K99: Should | L99: Pha 1 | M99: Đề xuất trong phạm vi | N99: Hiệu chỉnh từ VHT_WBS | O99: Không xóa vật lý dữ liệu đã phát sinh giao dịch; cảnh báo rõ quan hệ phụ thuộc.
A100: 96 | B100: DOC-FORM-007 | C100: Hồ sơ, Tài liệu & Biểu mẫu | D100: Biểu mẫu động | E100: Biểu mẫu điện tử (eForm) | F100: Xem lịch sử Biểu mẫu điện tử (eForm) | G100: Theo dõi phiên bản, thay đổi dữ liệu, người thực hiện và lịch sử xử lý của Biểu mẫu điện tử (eForm). | H100: Quản trị cấu hình | I100: Cán bộ nghiệp vụ/Quản trị | J100: Audit | L100: Must | M100: Pha 1 | N100: Đề xuất trong phạm vi | O100: Hiệu chỉnh từ VHT_WBS
A101: 97 | B101: DOC-FORM-008 | C101: Hồ sơ, Tài liệu & Biểu mẫu | D101: Biểu mẫu động | E101: Thiết kế biểu mẫu | F101: Thiết kế section, field và layout | G101: Thiết kế form kéo-thả hoặc cấu hình schema với nhóm trường, cột và tab. | H101: Quản trị cấu hình/BA | I101: Cấu hình | K101: Must | L101: Pha 1 | M101: Đề xuất trong phạm vi | N101: Bổ sung
A102: 98 | B102: DOC-FORM-009 | C102: Hồ sơ, Tài liệu & Biểu mẫu | D102: Biểu mẫu động | E102: Thiết kế biểu mẫu | F102: Cấu hình kiểu dữ liệu và validation | G102: Khai báo text, number, date, list, table, attachment và rule validation. | H102: Quản trị cấu hình/BA | I102: Cấu hình | K102: Must | L102: Pha 1 | M102: Đề xuất trong phạm vi | N102: Bổ sung
A103: 99 | B103: DOC-FORM-010 | C103: Hồ sơ, Tài liệu & Biểu mẫu | D103: Biểu mẫu động | E103: Thiết kế biểu mẫu | F103: Điều kiện hiển thị/readonly/bắt buộc | G103: Điều khiển trường theo vai trò, bước, trạng thái và business rule. | H103: Quản trị cấu hình/BA | I103: Cấu hình | K103: Must | L103: Pha 1 | M103: Đề xuất trong phạm vi | N103: Bổ sung
A104: 100 | B104: DOC-FORM-011 | C104: Hồ sơ, Tài liệu & Biểu mẫu | D104: Biểu mẫu động | E104: Thiết kế biểu mẫu | F104: Gắn eForm vào quy trình và bước | G104: Version-lock form schema theo workflow version. | H104: Quản trị cấu hình/BA | I104: Cấu hình | K104: Must | L104: Pha 1 | M104: Đề xuất trong phạm vi | N104: Bổ sung
A105: 101 | B105: DOC-FORM-012 | C105: Hồ sơ, Tài liệu & Biểu mẫu | D105: Biểu mẫu động | E105: Thiết kế biểu mẫu | F105: Xem trước và kiểm thử eForm | G105: Mô phỏng form với dữ liệu và ngữ cảnh quyền khác nhau. | H105: Quản trị cấu hình/BA | I105: Cấu hình | K105: Must | L105: Pha 1 | M105: Đề xuất trong phạm vi | N105: Bổ sung
A106: 102 | B106: DOC-FORM-013 | C106: Hồ sơ, Tài liệu & Biểu mẫu | D106: Biểu mẫu động | E106: Thiết kế biểu mẫu | F106: Import/Export schema eForm | G106: Trao đổi schema có kiểm tra phiên bản và tính hợp lệ. | H106: Quản trị cấu hình/BA | I106: Cấu hình | K106: Must | L106: Pha 1 | M106: Đề xuất trong phạm vi | N106: Bổ sung
A107: 103 | B107: DOC-TPL-001 | C107: Hồ sơ, Tài liệu & Biểu mẫu | D107: Mẫu văn bản | E107: Mẫu tài liệu Word/PDF | F107: Xem danh sách Mẫu tài liệu Word/PDF | G107: Tra cứu danh sách, phân trang, sắp xếp và lọc Mẫu tài liệu Word/PDF theo các tiêu chí nghiệp vụ. | H107: Quản trị cấu hình | I107: Nghiệp vụ | K107: Should | L107: Pha 2 | M107: Đề xuất trong phạm vi | N107: Bổ sung theo EPIC08 | O107: Danh sách hiển thị đúng phạm vi dữ liệu và hỗ trợ lọc/xuất theo quyền.
A108: 104 | B108: DOC-TPL-002 | C108: Hồ sơ, Tài liệu & Biểu mẫu | D108: Mẫu văn bản | E108: Mẫu tài liệu Word/PDF | F108: Tạo mới Mẫu tài liệu Word/PDF | G108: Khởi tạo Mẫu tài liệu Word/PDF, kiểm tra dữ liệu bắt buộc và lưu nháp trước khi hoàn tất. | H108: Quản trị cấu hình | I108: Nghiệp vụ | K108: Should | L108: Pha 2 | M108: Đề xuất trong phạm vi | N108: Bổ sung theo EPIC08 | O108: Dữ liệu hợp lệ được lưu; lỗi validation hiển thị tại trường tương ứng.
A109: 105 | B109: DOC-TPL-003 | C109: Hồ sơ, Tài liệu & Biểu mẫu | D109: Mẫu văn bản | E109: Mẫu tài liệu Word/PDF | F109: Sao chép Mẫu tài liệu Word/PDF | G109: Tạo bản mới từ một Mẫu tài liệu Word/PDF hiện hữu và loại bỏ các thông tin không được kế thừa. | H109: Quản trị cấu hình | I109: Nghiệp vụ | K109: Should | L109: Pha 2 | M109: Đề xuất trong phạm vi | N109: Bổ sung theo EPIC08 | O109: Bản sao có mã/phiên bản mới và không làm thay đổi bản nguồn.
A110: 106 | B110: DOC-TPL-004 | C110: Hồ sơ, Tài liệu & Biểu mẫu | D110: Mẫu văn bản | E110: Mẫu tài liệu Word/PDF | F110: Xem chi tiết Mẫu tài liệu Word/PDF | G110: Hiển thị thông tin tổng quan, dữ liệu chi tiết, tài liệu liên quan và trạng thái của Mẫu tài liệu Word/PDF. | H110: Quản trị cấu hình | I110: Nghiệp vụ | K110: Should | L110: Pha 2 | M110: Đề xuất trong phạm vi | N110: Bổ sung theo EPIC08 | O110: Thông tin hiển thị đúng phiên bản và quyền truy cập.
...

Sheet 02_Phan_he
A1: MA TRẬN PHÂN HỆ VÀ MỨC BAO PHỦ
A3: STT | B3: Phân hệ | C3: Mô tả phạm vi | D3: Tổng chức năng | E3: Must | F3: Should | G3: Could | H3: Cần xác nhận
A4: 1 | B4: Truy cập, Tổ chức & Phân quyền | C4: SSO, tổ chức, người dùng, vai trò, quyền và phạm vi dữ liệu. | D4: =COUNTIF('01_Functional_Scope'!$C$5:$C$362,B4) -> 30 | E4: =COUNTIFS('01_Functional_Scope'!$C$5:$C$362,B4,'01_Functional_Scope'!$K$5:$K$362,E$3) -> 21 | F4: =COUNTIFS('01_Functional_Scope'!$C$5:$C$362,B4,'01_Functional_Scope'!$K$5:$K$362,F$3) -> 6 | G4: =COUNTIFS('01_Functional_Scope'!$C$5:$C$362,B4,'01_Functional_Scope'!$K$5:$K$362,G$3) -> 0 | H4: =COUNTIFS('01_Functional_Scope'!$C$5:$C$362,B4,'01_Functional_Scope'!$M$5:$M$362,H$3) -> 0
A5: 2 | B5: Quản lý Nhiệm vụ KHCN | C5: Hồ sơ nhiệm vụ trung tâm và vòng đời RD01–RD10. | D5: =COUNTIF('01_Functional_Scope'!$C$5:$C$362,B5) -> 12 | E5: =COUNTIFS('01_Functional_Scope'!$C$5:$C$362,B5,'01_Functional_Scope'!$K$5:$K$362,E$3) -> 8 | F5: =COUNTIFS('01_Functional_Scope'!$C$5:$C$362,B5,'01_Functional_Scope'!$K$5:$K$362,F$3) -> 3 | G5: =COUNTIFS('01_Functional_Scope'!$C$5:$C$362,B5,'01_Functional_Scope'!$K$5:$K$362,G$3) -> 0 | H5: =COUNTIFS('01_Functional_Scope'!$C$5:$C$362,B5,'01_Functional_Scope'!$M$5:$M$362,H$3) -> 0
A6: 3 | B6: Chủ trương & Xét duyệt | C6: RD01 chủ trương và RD02 xét duyệt/giao nhiệm vụ. | D6: =COUNTIF('01_Functional_Scope'!$C$5:$C$362,B6) -> 21 | E6: =COUNTIFS('01_Functional_Scope'!$C$5:$C$362,B6,'01_Functional_Scope'!$K$5:$K$362,E$3) -> 15 | F6: =COUNTIFS('01_Functional_Scope'!$C$5:$C$362,B6,'01_Functional_Scope'!$K$5:$K$362,F$3) -> 2 | G6: =COUNTIFS('01_Functional_Scope'!$C$5:$C$362,B6,'01_Functional_Scope'!$K$5:$K$362,G$3) -> 0 | H6: =COUNTIFS('01_Functional_Scope'!$C$5:$C$362,B6,'01_Functional_Scope'!$M$5:$M$362,H$3) -> 0
A7: 4 | B7: Không gian làm việc & Task | C7: Worklist, task UI, action chuẩn và ngoại lệ có kiểm soát. | D7: =COUNTIF('01_Functional_Scope'!$C$5:$C$362,B7) -> 22 | E7: =COUNTIFS('01_Functional_Scope'!$C$5:$C$362,B7,'01_Functional_Scope'!$K$5:$K$362,E$3) -> 14 | F7: =COUNTIFS('01_Functional_Scope'!$C$5:$C$362,B7,'01_Functional_Scope'!$K$5:$K$362,F$3) -> 0 | G7: =COUNTIFS('01_Functional_Scope'!$C$5:$C$362,B7,'01_Functional_Scope'!$K$5:$K$362,G$3) -> 8 | H7: =COUNTIFS('01_Functional_Scope'!$C$5:$C$362,B7,'01_Functional_Scope'!$M$5:$M$362,H$3) -> 8
A8: 5 | B8: Hồ sơ, Tài liệu & Biểu mẫu | C8: Dossier, eForm, mẫu văn bản, file và ký số. | D8: =COUNTIF('01_Functional_Scope'!$C$5:$C$362,B8) -> 30 | E8: =COUNTIFS('01_Functional_Scope'!$C$5:$C$362,B8,'01_Functional_Scope'!$K$5:$K$362,E$3) -> 16 | F8: =COUNTIFS('01_Functional_Scope'!$C$5:$C$362,B8,'01_Functional_Scope'!$K$5:$K$362,F$3) -> 12 | G8: =COUNTIFS('01_Functional_Scope'!$C$5:$C$362,B8,'01_Functional_Scope'!$K$5:$K$362,G$3) -> 0 | H8: =COUNTIFS('01_Functional_Scope'!$C$5:$C$362,B8,'01_Functional_Scope'!$M$5:$M$362,H$3) -> 1
A9: 6 | B9: Hội đồng & Thẩm định | C9: Hội đồng, chuyên gia, lịch họp, phiếu và biên bản. | D9: =COUNTIF('01_Functional_Scope'!$C$5:$C$362,B9) -> 12 | E9: =COUNTIFS('01_Functional_Scope'!$C$5:$C$362,B9,'01_Functional_Scope'!$K$5:$K$362,E$3) -> 9 | F9: =COUNTIFS('01_Functional_Scope'!$C$5:$C$362,B9,'01_Functional_Scope'!$K$5:$K$362,F$3) -> 2 | G9: =COUNTIFS('01_Functional_Scope'!$C$5:$C$362,B9,'01_Functional_Scope'!$K$5:$K$362,G$3) -> 0 | H9: =COUNTIFS('01_Functional_Scope'!$C$5:$C$362,B9,'01_Functional_Scope'!$M$5:$M$362,H$3) -> 0
A10: 7 | B10: Thực hiện Nhiệm vụ | C10: Kế hoạch, nhân sự, kinh phí, mua sắm, tài sản và báo cáo. | D10: =COUNTIF('01_Functional_Scope'!$C$5:$C$362,B10) -> 17 | E10: =COUNTIFS('01_Functional_Scope'!$C$5:$C$362,B10,'01_Functional_Scope'!$K$5:$K$362,E$3) -> 10 | F10: =COUNTIFS('01_Functional_Scope'!$C$5:$C$362,B10,'01_Functional_Scope'!$K$5:$K$362,F$3) -> 4 | G10: =COUNTIFS('01_Functional_Scope'!$C$5:$C$362,B10,'01_Functional_Scope'!$K$5:$K$362,G$3) -> 1 | H10: =COUNTIFS('01_Functional_Scope'!$C$5:$C$362,B10,'01_Functional_Scope'!$M$5:$M$362,H$3) -> 1
A11: 8 | B11: Điều chỉnh, Tạm dừng & Dừng | C11: Các loại điều chỉnh nhiệm vụ thuộc RD04. | D11: =COUNTIF('01_Functional_Scope'!$C$5:$C$362,B11) -> 30 | E11: =COUNTIFS('01_Functional_Scope'!$C$5:$C$362,B11,'01_Functional_Scope'!$K$5:$K$362,E$3) -> 18 | F11: =COUNTIFS('01_Functional_Scope'!$C$5:$C$362,B11,'01_Functional_Scope'!$K$5:$K$362,F$3) -> 4 | G11: =COUNTIFS('01_Functional_Scope'!$C$5:$C$362,B11,'01_Functional_Scope'!$K$5:$K$362,G$3) -> 0 | H11: =COUNTIFS('01_Functional_Scope'!$C$5:$C$362,B11,'01_Functional_Scope'!$M$5:$M$362,H$3) -> 0
A12: 9 | B12: Nghiệm thu | C12: Hồ sơ, điều kiện, hội đồng và kết quả RD05. | D12: =COUNTIF('01_Functional_Scope'!$C$5:$C$362,B12) -> 11 | E12: =COUNTIFS('01_Functional_Scope'!$C$5:$C$362,B12,'01_Functional_Scope'!$K$5:$K$362,E$3) -> 7 | F12: =COUNTIFS('01_Functional_Scope'!$C$5:$C$362,B12,'01_Functional_Scope'!$K$5:$K$362,F$3) -> 2 | G12: =COUNTIFS('01_Functional_Scope'!$C$5:$C$362,B12,'01_Functional_Scope'!$K$5:$K$362,G$3) -> 0 | H12: =COUNTIFS('01_Functional_Scope'!$C$5:$C$362,B12,'01_Functional_Scope'!$M$5:$M$362,H$3) -> 0
A13: 10 | B13: Quyết toán | C13: Hồ sơ, chứng từ, đối soát và kết quả RD06. | D13: =COUNTIF('01_Functional_Scope'!$C$5:$C$362,B13) -> 11 | E13: =COUNTIFS('01_Functional_Scope'!$C$5:$C$362,B13,'01_Functional_Scope'!$K$5:$K$362,E$3) -> 8 | F13: =COUNTIFS('01_Functional_Scope'!$C$5:$C$362,B13,'01_Functional_Scope'!$K$5:$K$362,F$3) -> 1 | G13: =COUNTIFS('01_Functional_Scope'!$C$5:$C$362,B13,'01_Functional_Scope'!$K$5:$K$362,G$3) -> 0 | H13: =COUNTIFS('01_Functional_Scope'!$C$5:$C$362,B13,'01_Functional_Scope'!$M$5:$M$362,H$3) -> 0
A14: 11 | B14: Sản phẩm Nghiên cứu & SHTT | C14: Sản phẩm, công bố, công nghệ và SHTT RD07–RD08. | D14: =COUNTIF('01_Functional_Scope'!$C$5:$C$362,B14) -> 23 | E14: =COUNTIFS('01_Functional_Scope'!$C$5:$C$362,B14,'01_Functional_Scope'!$K$5:$K$362,E$3) -> 5 | F14: =COUNTIFS('01_Functional_Scope'!$C$5:$C$362,B14,'01_Functional_Scope'!$K$5:$K$362,F$3) -> 13 | G14: =COUNTIFS('01_Functional_Scope'!$C$5:$C$362,B14,'01_Functional_Scope'!$K$5:$K$362,G$3) -> 1 | H14: =COUNTIFS('01_Functional_Scope'!$C$5:$C$362,B14,'01_Functional_Scope'!$M$5:$M$362,H$3) -> 0
A15: 12 | B15: Báo cáo & Điều hành | C15: Dashboard, KPI, cảnh báo và báo cáo RD09. | D15: =COUNTIF('01_Functional_Scope'!$C$5:$C$362,B15) -> 10 | E15: =COUNTIFS('01_Functional_Scope'!$C$5:$C$362,B15,'01_Functional_Scope'!$K$5:$K$362,E$3) -> 3 | F15: =COUNTIFS('01_Functional_Scope'!$C$5:$C$362,B15,'01_Functional_Scope'!$K$5:$K$362,F$3) -> 7 | G15: =COUNTIFS('01_Functional_Scope'!$C$5:$C$362,B15,'01_Functional_Scope'!$K$5:$K$362,G$3) -> 0 | H15: =COUNTIFS('01_Functional_Scope'!$C$5:$C$362,B15,'01_Functional_Scope'!$M$5:$M$362,H$3) -> 0
... A21: 18 | B21: Trợ giúp & Hỗ trợ Người dùng | C21: Hướng dẫn, onboarding và yêu cầu hỗ trợ. | D21: =COUNTIF('01_Functional_Scope'!$C$5:$C$362,B21) -> 3 | E21: =COUNTIFS('01_Functional_Scope'!$C$5:$C$362,B21,'01_Functional_Scope'!$K$5:$K$362,E$3) -> 0 | F21: =COUNTIFS('01_Functional_Scope'!$C$5:$C$362,B21,'01_Functional_Scope'!$K$5:$K$362,F$3) -> 1 | G21: =COUNTIFS('01_Functional_Scope'!$C$5:$C$362,B21,'01_Functional_Scope'!$K$5:$K$362,G$3) -> 2 | H21: =COUNTIFS('01_Functional_Scope'!$C$5:$C$362,B21,'01_Functional_Scope'!$M$5:$M$362,H$3) -> 0

Sheet 03_Danh_muc
A1: Priority | B1: Release | C1: Trạng thái phạm vi | D1: Loại | E1: Nguồn
A2: Must | B2: Pha 1 | C2: Đề xuất trong phạm vi | D2: Nghiệp vụ | E2: Giữ từ VHT_WBS
A3: Should | B3: Pha 2 | C3: Cần xác nhận | D3: Workflow | E3: Hiệu chỉnh từ VHT_WBS
A4: Could | B4: Pha 3 | C4: Ngoài phạm vi | D4: Nền tảng | E4: Bổ sung
A5: Won't/Để sau | B5: Chưa xếp pha | C5: Hoãn | D5: Cấu hình | E5: Bổ sung theo tài liệu kiến trúc
D6: Tích hợp | E6: Cần xác nhận
D7: Báo cáo
D8: Phân quyền
D9: Bảo mật
D10: Audit
D11: Vận hành
D12: Hỗ trợ

Sheet 04_Thay_doi
A1: NHẬT KÝ HIỆU CHỈNH VÀ BỔ SUNG PHẠM VI
A3: STT | B3: Loại thay đổi | C3: Tham chiếu gốc | D3: Nội dung | E3: Xử lý trong FSL | F3: Ghi chú
A4: 1 | B4: Sửa cấu trúc | C4: Cột D | D4: Cột không có tiêu đề | E4: Đặt tên thành Nhóm chức năng/Sub-module và chuẩn hóa thành trường Nhóm chức năng.
A5: 2 | B5: Bổ sung mã | C5: Cột TT | D5: Cột trống toàn bộ | E5: Sinh STT và Feature ID duy nhất theo phân hệ/module.
A6: 3 | B6: Bổ sung ưu tiên | C6: Cột Priority | D6: Cột trống toàn bộ | E6: Gán MoSCoW sơ bộ và thêm dropdown để hiệu chỉnh. | F6: Cần workshop chốt.
A7: 4 | B7: Sửa lỗi | C7: Dòng 22 | D7: ma trạn quyết định | E7: Chuẩn hóa thành ma trận quyết định/DMN.
A8: 5 | B8: Sửa lỗi | C8: Dòng 27 | D8: Copy ma trận quyết định trong module phê duyệt | E8: Chuẩn hóa thành sao chép ma trận phê duyệt.
A9: 6 | B9: Sửa lỗi | C9: Dòng 34–36 | D9: Trùng tạo Loại phê duyệt, thiếu CRUD | E9: Thay bằng chức năng quản lý danh mục loại phê duyệt đầy đủ.
A10: 7 | B10: Sửa lỗi | C10: Dòng 113 | D10: Lịch sử Hồ sơ quyết toán trong eForm | E10: Thay bằng quản lý lịch sử eForm.
A11: 8 | B11: Phân rã | C11: Dòng 55 | D11: Tích hợp | E11: Tách Integration Hub, 8 connector, monitoring, retry và đối soát. | F11: Phạm vi từng connector cần xác nhận.
A12: 9 | B12: Phân rã | C12: Dòng 107 | D12: Dashboard đa cấp | E12: Tách KPI nhiệm vụ, SLA, kinh phí, nhân sự, sản phẩm và cảnh báo.
A13: 10 | B13: Bổ sung phân hệ | C13: Không có | D13: Hội đồng & Thẩm định | E13: Bổ sung hội đồng, chuyên gia, lịch, phiếu, tổng hợp và biên bản.
A14: 11 | B14: Bổ sung phân hệ | C14: Không có | D14: Thực hiện nhiệm vụ | E14: Bổ sung tiến độ, nhân sự, kinh phí, mua sắm, tài sản và báo cáo.
A15: 12 | B15: Bổ sung phân hệ | C15: Không có | D15: Sản phẩm nghiên cứu & SHTT | E15: Bổ sung RD07, RD08, công bố và công nghệ lõi.
A16: 13 | B16: Bổ sung phân hệ | C16: Không có | D16: Runtime Administration | E16: Bổ sung instance, incident, retry, reassign, cancel, restart và batch.
A17: 14 | B17: Bổ sung nền tảng | C17: Không có | D17: SSO/RBAC/Audit/SLA/Notification/Search | E17: Bổ sung các capability xuyên suốt theo kiến trúc mục tiêu.

Sheet 99_Danh_sach_goc
A1: DANH SÁCH GỐC – VHT_WBS.xlsx (THAM CHIẾU, KHÔNG CHỈNH SỬA)
A2: Column1 | B2: Column2 | C2: Column3 | D2: Column4 | E2: Column5 | F2: Column6 | G2: Column7
A3: TT | B3: Phân hệ | C3: Module | D3: Nhóm chức năng (tiêu đề suy luận) | E3: FS / Chức năng | F3: Ghi chú | G3: Priority
B4: Đăng nhập SSO | C4: Đăng nhập SSO | E4: Đăng nhập/ Đăng xuất trên cổng SSO
B5: Quản trị Quy trình | C5: Quản lý quy trình | E5: Xem Danh sách quy trình
B6: Quản trị Quy trình | C6: Quản lý quy trình | E6: Tìm kiếm/ Lọc quy trình theo nhiều tiêu chí
B7: Quản trị Quy trình | C7: BPMN Core | D7: Kết nối Camunda 8 | E7: Kết nối Camunda 8
B8: Quản trị Quy trình | C8: BPMN Core | D8: Canvas BPMN | E8: Vẽ BPMN và các tiện ích trên Canvas BPMN
B9: Quản trị Quy trình | C9: BPMN Core | D9: Canvas BPMN | E9: Khởi tạo các Element BPMN mẫu
B10: Quản trị Quy trình | C10: Quản lý quy trình | E10: Tạo mới quy trình thông qua vẽ BPMN trực tiếp | F10: Thông tin chung + BPMN
B11: Quản trị Quy trình | C11: Quản lý quy trình | E11: Tạo mới quy trình thông qua import file .bpmn | F11: Thông tin chung + BPMN
B12: Quản trị Quy trình | C12: Quản lý quy trình | E12: Xem chi tiết quy trình | F12: Thông tin chung + BPMN
B13: Quản trị Quy trình | C13: Quản lý quy trình | E13: Chỉnh sửa quy trình | F13: Thông tin chung + BPMN
B14: Quản trị Quy trình | C14: Quản lý quy trình | E14: Xóa quy trình
B15: Quản trị Quy trình | C15: Quản lý quy trình | E15: Test quy trình | F15: Test trước Deploy
B16: Quản trị Quy trình | C16: Quản lý quy trình | E16: Ban hành quy trình | F16: Deploy lên Camunda 8
B17: Quản trị Quy trình | C17: Quản lý quy trình | E17: Tạm ngừng quy trình
B18: Quản trị Quy trình | C18: Quản lý quy trình | E18: Quản lý lịch sử quy trình
B19: Quản trị Quy trình | C19: Quản lý quy trình | E19: Xem tổng quan sơ đồ quy trình bao gồm BPMN + Luồng chi tiết
B20: Quản trị Quy trình | C20: Ma trận quyết định (DMN) | E20: Xem danh sách Ma trận quyết định
B21: Quản trị Quy trình | C21: Ma trận quyết định (DMN) | E21: Tạo mới ma trận quyết định thủ công từ giao diện
B22: Quản trị Quy trình | C22: Ma trận quyết định (DMN) | E22: Tạo mới ma trận quyết định thông qua copy một ma trận quyết định hiện hữu trên hệ thống
B23: Quản trị Quy trình | C23: Ma trận quyết định (DMN) | E23: Xem chi tiết ma trận quyết định
B24: Quản trị Quy trình | C24: Ma trận quyết định (DMN) | E24: Chỉnh sửa ma trạn quyết định
B25: Quản trị Quy trình | C25: Ma trận quyết định (DMN) | E25: Xóa ma trận quyết định
B26: Quản trị Quy trình | C26: Ma trận quyết định (DMN) | E26: Quản lý lịch sử ma trận quyết định
B27: Quản trị Quy trình | C27: Ma trận phê duyệt | E27: Xem danh sách Ma trận phê duyệt
B28: Quản trị Quy trình | C28: Ma trận phê duyệt | E28: Tạo mới ma trận phê duyệt thủ công từ giao diện
... B33: Quản trị Quy trình | C33: Ma trận phê duyệt | E33: Quản lý lịch sử ma trận phê duyệt
B34: Quản trị Quy trình | C34: Ma trận phê duyệt | D34: Ma trận phê duyệt | E34: Test mô phỏng ma trận phê duyệt
B35: Quản trị Quy trình | C35: Ma trận phê duyệt | D35: Loại phê duyệt | E35: Xem danh sách Loại phê duyệt
B36: Quản trị Quy trình | C36: Ma trận phê duyệt | D36: Loại phê duyệt | E36: Tạo Loại phê duyệt
B37: Quản trị Quy trình | C37: Ma trận phê duyệt | D37: Loại phê duyệt | E37: Chỉnh sửa Loại phê duyệt
B38: Quản trị Quy trình | C38: Ma trận phê duyệt | D38: Loại phê duyệt | E38: Tạo mới Loại phê duyệt
B39: Quản trị Quy trình | C39: Ma trận hành động | D39: Luật hiển thị nút | E39: Xem danh sách Luật hiển thị nút
B40: Quản trị Quy trình | C40: Ma trận hành động | D40: Luật hiển thị nút | E40: Tạo mới Luật hiển thị nút
B41: Quản trị Quy trình | C41: Ma trận hành động | D41: Luật hiển thị nút | E41: Xem chi tiết Luật hiển thị nút
B42: Quản trị Quy trình | C42: Ma trận hành động | D42: Luật hiển thị nút | E42: Chỉnh sửa Luật hiển thị nút
B43: Quản trị Quy trình | C43: Ma trận hành động | D43: Luật hiển thị nút | E43: Xóa Luật hiển thị nút
B44: Quản trị Quy trình | C44: Ma trận hành động | D44: Luật hiển thị nút | E44: Test mô phỏng luật hiển thị nút
B45: Quản trị Quy trình | C45: Ma trận hành động | D45: Luật hiển thị nút | E45: Quản lý lịch sử Luật hiển thị nút
... B115: Danh mục dùng chung | C115: Thư viện biểu mẫu (eForm) | D115: Thư viện biểu mẫu (eForm) | E115: Quản lý lịch sử Hồ sơ quyết toán
