Workbook
Name a: #REF!
Name a: #REF!
Name a: #REF!
Name a: #REF!
Name a: #REF!
Name a: #REF!
Name a: #REF!
Name a: #REF!
Name DPCD: '[1]BCT-NV (CK)'!$BB$14:$BB$713
Name DT: #REF!
Name DT: #REF!
Name DT: #REF!
Name DT: #REF!
Name DT: #REF!
Name DT: #REF!
Name DT: #REF!
Name DT: #REF!
Name HTTT: #REF!
Name HTTT: #REF!
Name HTTT: #REF!
Name HTTT: #REF!
Name HTTT: #REF!
Name HTTT: #REF!
Name HTTT: #REF!
Name HTTT: #REF!
Name MANV1: '[1]BCT-NV (CK)'!$D$14:$D$713
Name Slicer_TÌNH_TRẠNG_PHÂN_BỔ: #N/A
Name T7.2020: #REF!
Name T7.2020: #REF!
Name T7.2020: #REF!
Name T7.2020: #REF!
Name T7.2020: #REF!
Name T7.2020: #REF!
Name T7.2020: #REF!
Name T7.2020: #REF!

Sheet Estimate HR KH
A1: STT | B1: Module | C1: Chức năng | D1: Mô tả
A2: I | B2: Quản lý đề tài dự án
A3: 1 | C3: Quản lý đề tài đã được phê duyệt | D3: Cho phép import hoặc tạo mới đề tài đã được trình ký
A4: 2 | C4: Quản lý nhân sự thuộc đề tài | D4: Cho phép thêm, sửa update nhân sự thuộc đề tài Cho phép view báo cáo dư kiến chi phí của đề tài theo như nhân sự được load vào đề tài
A5: 3 | C5: Giao nhiệm vụ cho nhân viên thuộc đề tài | D5: Cho phép giao nhiệm vụ của đề tài cho nhân viên
A6: 4 | C6: Báo cáo chi phí đề tài theo tháng và theo lũy kế | D6: Tính chi phí của từng đề tài theo lương thực tế, theo lũy kế đến thời điểm hiện tại
A7: II | B7: Module quản lý lương
A8: 1 | C8: Quản lý lương mục tiêu
A9: 2 | C9: Quản lý lịch sử lương mục tiêu
A10: 3 | C10: Quản lý bảng lương tháng
A11: III | B11: Module chấm công
A12: 1 | C12: Quản lý chấm công : HR Upload bảng chấm công tháng (n-1)
A13: 2 | C13: Chấm công tháng | D13: 1. PA thực hiện chấm công, và view chi phí đã sử dụng, chưa sử dụng 2. HR duyệt công 3. Kế toán xác nhận 4. Xuất báo cáo 5. Trình ký Voffice
A15: IV | B15: Chi phí nhân công
A16: 1 | C16: Tổng hợp chi phí nhân công | D16: Trình ký Voffice các Biểu mẫu tại Sheet 7.BM3.2 BTH CÔNG, Sheet 9.BM 4.1 HR_PBNC Tháng,Sheet 10.BM 4.2 HR_BTH PBNC
A17: 2 | C17: Lập bảng tông hợp chi phí nhân công theo biểu mẫu | D17: Trình ký Voffice sheet 12.BM05_BTH CPNC theo nội dung CV
A18: V | B18: Quản lý nhân viên, phòng ban, đơn vi (Tái sử dụng 1 phần HR)
A19: 1 | C19: Quản lý nhân viên
A20: 2 | C20: Quản lý chức danh, vài trò
A21: 3 | C21: Quản lý cây đơn vị
A22: VI | B22: Xác thực, phân quyền
A23: 1 | C23: Tích hợp xác thực với SSO
A24: 2 | C24: Tích hợp phân quyền với hệ thống phan quền | D24: Tích hợp với hệ thống phân quyền hiện có của khách hàng. (Không phải phân quyền của VTIT)
A25: VII | B25: Tích hợp Voffice để trình ký
A26: 1 | C26: Module chung trình ký chung. Tích hợp Voffice
A27: 2 | C27: Tạo văn bản danh sách nhân sự trình ký
A28: 3 | C28: Trình ký chấm công
A29: 4 | C29: Trình ký CPNC tổng hợp biểu mẫu 7
A30: 5 | C30: Trình ký tổng hợp CPNC biểu mẫu 12

Sheet Sheet1
A1: Module | B1: Tính năng | C1: Ghi chú
A2: Danh mục | B2: Đơn vị | C2: Thông tin đơn vị và mối quan hệ giữa các đơn vị trong mô hình tổ chức
A3: Danh mục | B3: Xử lý màn hình
A4: Danh mục | B4: Xử lý nghiệp vụ CRUD
A5: Danh mục | B5: Xử lý nghiệp vụ export
A6: Danh mục | B6: Xử lý nghiệp vụ import
A7: Danh mục | B7: Chức danh | C7: Thông tin chức danh giống hệ thống nhân sự
A8: Danh mục | B8: Xử lý màn hình
A9: Danh mục | B9: Xử lý nghiệp vụ CRUD
A10: Danh mục | B10: Xử lý nghiệp vụ export
A11: Danh mục | B11: Xử lý nghiệp vụ import
A12: Danh mục | B12: Nhân viên | C12: Thông tin cơ bản và trạng thái nhân viên
A13: Danh mục | B13: Xử lý màn hình
A14: Danh mục | B14: Xử lý nghiệp vụ CRUD
A15: Danh mục | B15: Xử lý nghiệp vụ export
A16: Danh mục | B16: Xử lý nghiệp vụ import
A17: Danh mục | B17: Nguồn kinh phí
A18: Danh mục | B18: Xử lý màn hình
A19: Danh mục | B19: Xử lý nghiệp vụ CRUD
A20: Danh mục | B20: Quản lý thư viện nhiệm vụ
A21: Danh mục | B21: Xử lý màn hình
A22: Danh mục | B22: Xử lý nghiệp vụ CRUD
A23: Danh mục | B23: Xử lý nghiệp vụ export
A24: Danh mục | B24: Xử lý nghiệp vụ import
... A34: Nhiệm vụ | B34: Xử lý nghiệp vụ import
A35: Nhiệm vụ | B35: Danh sách công việc | C35: Danh sách các công việc của đề tài
A36: Nhiệm vụ | B36: Xử lý màn hình
A37: Nhiệm vụ | B37: Xử lý nghiệp vụ CRUD
A38: Nhiệm vụ | B38: Xử lý nghiệp vụ export
A39: Nhiệm vụ | B39: Xử lý nghiệp vụ import
A40: Nhiệm vụ | B40: Danh sách vai trò | C40: Các vai trò PA, PM dự án theo thời gian? Có dùng chung với danh sách nhân sự được không?
A41: Nhiệm vụ | B41: Xử lý màn hình
A42: Nhiệm vụ | B42: Xử lý nghiệp vụ CRUD
A43: Nhiệm vụ | B43: Xử lý nghiệp vụ export
A44: Nhiệm vụ | B44: Xử lý nghiệp vụ import
A45: Nhiệm vụ | B45: Danh sách nhân sự | C45: Lập/ Điều chỉnh danh sách nhân sự và giao việc, vai trò
A46: Nhiệm vụ | B46: Lập danh sách nhân sự tham gia đề tài
A47: Nhiệm vụ | B47: Xử lý màn hình
A48: Nhiệm vụ | B48: Xử lý nghiệp vụ CRUD
A49: Nhiệm vụ | B49: Xử lý nghiệp vụ export
A50: Nhiệm vụ | B50: Xử lý nghiệp vụ import
A51: Nhiệm vụ | B51: Điều chỉnh danh sách nhân sự tham gia đề tài
A52: Nhiệm vụ | B52: Tổng hợp CPNC | C52: Tổng hợp chi phí nhân công luỹ kế theo từng tháng, 6 tháng, 1 năm
A53: Nhiệm vụ | B53: Xử lý màn hình
A54: Nhiệm vụ | B54: Xử lý nghiệp vụ lấy dữ liệu hiển thị
A55: Nhiệm vụ | B55: Xử lý nghiệp vụ export
A56: CPNC | B56: Bảng công tháng (BM0.1) | C56: Quản lý số liệu chấm công tháng của HR, không quan tâm đến ký hiệu công, loại văng mặt, giải trình công
A57: CPNC | B57: Xử lý màn hình
A58: CPNC | B58: Xử lý nghiệp vụ CRUD
A59: CPNC | B59: Xử lý nghiệp vụ export
A60: CPNC | B60: Xử lý nghiệp vụ import
A61: CPNC | B61: Bảng lương tháng (BM0.2) | C61: Khai báo, upload, chỉnh sửa, xoá bỏ thông tin bảng lương tháng của HR
A62: CPNC | B62: Xử lý màn hình
A63: CPNC | B63: Xử lý nghiệp vụ CRUD
A64: CPNC | B64: Xử lý nghiệp vụ export
A65: CPNC | B65: Xử lý nghiệp vụ import
A66: CPNC | B66: Chấm công đề tài, dự án | C66: Phân bổ công tháng theo từng nhiệm vụ (nội dung công việc) trong đề tài cho từng nhân viên
A67: CPNC | B67: Xử lý màn hình
A68: CPNC | B68: Xử lý nghiệp vụ CRUD
A69: CPNC | B69: Xử lý nghiệp vụ export
A70: CPNC | B70: Xử lý nghiệp vụ import
A71: Báo cáo | B71: Danh sách nhân sự (BM1) | C71: Báo cáo theo biểu mẫu
A72: Báo cáo | B72: Xử lý màn hình
A73: Báo cáo | B73: Nghiệp vụ tổng hợp dữ liệu
A74: Báo cáo | B74: Xử lý nghiệp vụ export
A75: Báo cáo | B75: Xử lý nghiệp vụ trình ký VO
A76: Báo cáo | B76: Bảng chấm công đề tài, dự án (BM2.1, BM2.2) | C76: Báo cáo theo biểu mẫu
A77: Báo cáo | B77: Xử lý màn hình
A78: Báo cáo | B78: Nghiệp vụ tổng hợp dữ liệu
A79: Báo cáo | B79: Xử lý nghiệp vụ export
A80: Báo cáo | B80: Xử lý nghiệp vụ trình ký VO
A81: Báo cáo | B81: Bảng lương đề tài, dự án (BM3.1, BM3.2) | C81: Báo cáo theo biểu mẫu
A82: Báo cáo | B82: Xử lý màn hình
A83: Báo cáo | B83: Nghiệp vụ tổng hợp dữ liệu
A84: Báo cáo | B84: Xử lý nghiệp vụ export
A85: Báo cáo | B85: Xử lý nghiệp vụ trình ký VO
A86: Báo cáo | B86: Bảng tổng hợp phân bổ (BM3) | C86: Báo cáo theo biểu mẫu
A87: Báo cáo | B87: Xử lý màn hình
A88: Báo cáo | B88: Nghiệp vụ tổng hợp dữ liệu
A89: Báo cáo | B89: Xử lý nghiệp vụ export
A90: Báo cáo | B90: Bảng tổng hợp CPNC (BM4) | C90: Báo cáo theo biểu mẫu
A91: Báo cáo | B91: Xử lý màn hình
A92: Báo cáo | B92: Nghiệp vụ tổng hợp dữ liệu
A93: Báo cáo | B93: Xử lý nghiệp vụ export
A94: Báo cáo | B94: Xử lý nghiệp vụ trình ký VO
A95: Báo cáo | B95: Danh sách nhân sự của HR | C95: Báo cáo theo biểu mẫu
A96: Báo cáo | B96: Xử lý màn hình
A97: Báo cáo | B97: Nghiệp vụ tổng hợp dữ liệu
A98: Báo cáo | B98: Xử lý nghiệp vụ export
A99: Báo cáo | B99: Danh sách nhân sự của PA/PM | C99: Báo cáo theo biểu mẫu
A100: Báo cáo | B100: Xử lý màn hình
A101: Báo cáo | B101: Nghiệp vụ tổng hợp dữ liệu
A102: Báo cáo | B102: Xử lý nghiệp vụ export
A103: Trình ký | B103: Trình ký | C103: Xử lý thông tin, giao diện, chức năng để trình ký văn bản sang VOFFICE
A104: Trình ký | B104: Xử lý màn hình trình ký | C104: Màn hình danh sách, màn hình chi tiết trình ký
A105: Trình ký | B105: Xử lý nghiệp vụ CRUD trình ký
A106: Trình ký | B106: Xử lý nghiệp vụ lấy thông tin người ký, người nhận
A107: Trình ký | B107: Xử lý màn hình danh sách người ký, người nhận
A108: Trình ký | B108: Xử lý lấy thông tin chức danh ký
A109: Trình ký | B109: Upload sách file trình ký
...

Sheet 0.QuyTrinh
A1: QUY TRÌNH THỰC HIỆN
A11: CÁC TABS Ở CỘT TRÁI | B11: NỘI DUNG MÀN HÌNH HIỂN THỊ
A12: 1. Danh sách nhân sự | B12: Nội dung 4 TABS như mô tả ở các sheet 1-4
A13: 2. Chấm công
A14: 3. Báo cáo
A15: 4. Trình ký
F19: Xác nhận | G19: Xác nhận thông tin công PA đã chấm
G20: TH1: PA đơn vị chấm công không phải đơn vị chủ trì => PA/PM của đơn vị chủ trì xác nhận
G21: TH2: PA đơn vị chấm công = ĐƠn vị chủ trì => Vừa submit vừa xác nhận
F22: Thẩm định | G22: HR nhận thông tin => Thẩm định qua trao đổi tương tác ngoài.

Sheet 1.DS Nhân sự
A1: NỘI DUNG FIX TRÊN MÀN HÌNH: ĐƠN VỊ…
A4: TAB 1: DANH SÁCH NHÂN SỰ (Màn hình acc PA/PM)
A5: Hiện toàn bộ DS nhân sự của Đơn vị phân bổ (Đơn vị cấp 5) | J5: Chọn Thời gian: | K5: Tháng/Năm | L5: Mặc định để tháng hiện tại cần phân bổ, các tháng trước hiện thông tin đã duyệt
J6: Tỷ lệ Chi phí nhân công đã phân bổ của Đơn vị cấp 5 theo tháng đã chọn | K6: …% | L6: bằng CPNC phân bổ/quỹ lương tháng đó
B8: TT | C8: MÃ NV | D8: Họ và tên | E8: Chức danh | F8: THÔNG TIN CÔNG THÁNG…
F9: 1 | G9: 2 | H9: 3 | I9: … | J9: … | K9: 30 | L9: 31
F10: T2 | G10: T3 | H10: T4 | I10: … | J10: … | K10: T7 | L10: CN | O10: Chú thích màu theo các nhiệm vụ:
B11: 1 | C11: 123204 | D11: Nguyễn Văn X1 | E11: Phó giám đốc | P11: Dự án A
B12: 2 | C12: 130448 | D12: Nguyễn Văn X2 | E12: Trưởng phòng | P12: Dự án B
B13: 3 | C13: 131748 | D13: Nguyễn Văn X3 | E13: Kỹ sư phát triển phần mềm | P13: Đề tài C
B14: 4 | C14: 135755 | D14: Nguyễn Văn X4 | E14: Kỹ sư chính | P14: Đề tài B
B15: 5 | C15: 135756 | D15: Nguyễn Văn X5 | E15: Kỹ sư chính | P15: T7/CN/Nghỉ phép
B16: 6 | C16: 135757 | D16: Nguyễn Văn X6 | E16: Kỹ sư Kiểm thử | P16: Chưa chấm công
A19: TAB 1: DANH SÁCH NHÂN SỰ (Màn hình acc HR)
J20: Chọn Thời gian: | K20: Tháng/Năm | L20: Mặc định để tháng hiện tại cần phân bổ, các tháng trước hiện thông tin đã duyệt
B22: Đơn vị cấp 4 | C22: Đơn vị cấp 5 | D22: Trạng thái | E22: Tỷ lệ Chi phí nhân công đã phân bổ của Đơn vị cấp 5 theo tháng đã chọn
B23: Khối 1 | C23: Trung tâm… | D23: Chưa chấm công | E23: …% | F23: + Xem bảng chấm công
D24: PA đã submit chấm công
D25: PA/PM chủ trì đã xác nhận
D26: HR Hoàn thành trình ký
B27: Hiển thị theo thứ tự | C27: Hiển thị theo thứ tự cùng ĐV cấp 4 | D27: Tự động cập nhật 1 trong 4 trạng thái trên | F27: Click vào đây để xem tab chấm công của đơn vị đó
B28: Khối 1
B29: Khối 2
B30: Khối 3
B31: Trung tâm Kinh doanh
B32: Trung tâm QLCL
A35: Note: | B35: Khi PA/PM vào chọn tháng => Nhìn luôn toàn bộ nhân sự của ông ấy tham gia vào những nhiệm vụ nào
B36: PM/PA quản lý nhân sự thông qua đơn vị
B37: Đơn vị | C37: Giống mô hình của tập đoàn
B39: PA ở phòng tổng hợp => Chấm công cho đơn vị khác.
B40: => Đổi thành cho chọn chủ động, không mặc định hiển thị theo đơn vị trực thuộc cấp 5 nữa, mỗi lần chọn 1 đơn vị
B41: 1 nhiệm vụ có 1 PM và 1 PA đơn vị chủ trì
B42: Mỗi đơn vị phân bổ có 1 PA
B43: => Quản lý danh sách vai trò PA, PM của nhiệm vụ (Khác với chức danh/ vị trí của HRM)

Sheet 2.Chấm công
A1: NỘI DUNG FIX TRÊN MÀN HÌNH: ĐƠN VỊ…
A3: TAB 2: CHẤM CÔNG
C5: TÊN NHIỆM VỤ | D5: Gõ tên nhiệm vụ/Mã nhiệm vụ để ra nhiệm vụ đã có thông tin, nếu chưa có thông tin thì ấn nút tạo mới/import | K5: + SỬA | L5: + TẠO MỚI | M5: + IMPORT
M6: BM5 DS Nhiệm vụ
B8: 1 | C8: Mã nhiệm vụ:
B9: 2 | C9: Đơn vị chủ trì: | D9: Đơn vị cấp 5 | E9: Đơn vị cấp 4 | F9: Xem sheet LIST
B10: 3 | C10: Chủ nhiệm đề tài/dự án: | E10: Trợ lý đề tài/Dự án:
B11: 4 | C11: Thời gian bắt đầu: | D11: mm/yyyy | E11: Thời gian kết thúc: | F11: mm/yyyy
B12: 5 | C12: Phân loại: | D12: Đề tài KHCN/Phương án kinh doanh/Dự án ĐTPT/Nhiệm vụ QPAN
B13: 6 | C13: Tổng dự toán được phê duyệt: | D13: VNĐ
B14: 7 | C14: Chi phí nhân công được phê duyệt: | D14: VNĐ
C17: >> NẾU MỤC 5 CHỌN ĐỀ TÀI KHCN, GIAO DIỆN HIỂN THỊ NHƯ SAU:
D19: Chi phí nhân công được phê duyệt | E19: Chi phí nhân công đã phân bổ đến tháng N-1 | F19: Dự phòng | G19: Chi phí nhân công còn lại | H19: Tạm tính lương 6 tháng | I19: Tạm tính lương năm
C20: Nội dung CV 1 | D20: VNĐ | E20: VNĐ | F20: VNĐ | G20: VNĐ
C21: Nội dung CV 2 | D21: VNĐ | E21: VNĐ | F21: VNĐ | G21: VNĐ
C22: Nội dung CV 3 | D22: VNĐ | E22: VNĐ | F22: VNĐ | G22: VNĐ
C23: Nội dung CV 4 | D23: VNĐ | E23: VNĐ | F23: VNĐ | G23: VNĐ
C24: Nội dung CV 5 | D24: VNĐ | E24: VNĐ | F24: VNĐ | G24: VNĐ
B26: BẢNG CHẤM CÔNG (KHCN) | K26: Thời gian: | M26: chọn theo Tháng/Năm
K27: CPNC tạm tính: | M27: VNĐ
M28: phần mềm tính theo Bảng lương import
K29: Xuất DS Nhân sự excel | L29: XUẤT BẢNG CÔNG excel | M29: XUẤT BẢNG LƯƠNG excel
K30: BM 1 | L30: BM 2.1 | M30: BM 3.1
A32: TT | B32: MÃ NV | C32: Họ và tên | D32: Chức danh | E32: Nội dung công việc tham gia nhiệm vụ | F32: CHẤM CÔNG | M32: Ghi chú
F33: 1 | G33: 2 | H33: 3 | I33: … | J33: … | K33: 30 | L33: 31
F34: T2 | G34: T3 | H34: T4 | I34: … | J34: … | K34: T7 | L34: CN
A35: 1 | B35: 123204 | C35: Nguyễn Văn X1 | D35: Phó giám đốc | E35: Chọn theo DS nhiệm vụ đc phê duyệt | N35: + SỬA | O35: + XOÁ
A36: 2 | B36: 130448 | C36: Nguyễn Văn X2 | D36: Trưởng phòng | N36: + SỬA | O36: + XOÁ
A37: 3 | B37: 131748 | C37: Nguyễn Văn X3 | D37: Kỹ sư phát triển phần mềm | N37: + SỬA | O37: + XOÁ
A38: 4 | B38: 135755 | C38: Nguyễn Văn X4 | D38: Kỹ sư chính | N38: + SỬA | O38: + XOÁ
A39: 5 | B39: 135756 | C39: Nguyễn Văn X5 | D39: Kỹ sư chính | N39: + SỬA | O39: + XOÁ
A40: 6 | B40: 135757 | C40: Nguyễn Văn X6 | D40: Kỹ sư Kiểm thử | N40: + SỬA | O40: + XOÁ
B41: + THÊM MỚI
L44: SUBMIT | M44: PA/PM chủ trì xác nhận
C52: >> NẾU MỤC 5 CHỌN "PAKD", GIAO DIỆN HIỂN THỊ NHƯ SAU:
C54: Phân nguồn | D54: Sản phẩm | E54: Thời gian bắt đầu | F54: Thời gian kết thúc: | G54: Chi phí nhân công được phê duyệt | H54: Chi phí nhân công đã phân bổ đến tháng N-1 | I54: Dự phòng | J54: Chi phí nhân công còn lại | K54: Tạm tính lương 6 tháng | L54: Tạm tính lương năm
C55: SXKD | D55: A | G55: VNĐ | H55: VNĐ | I55: VNĐ | J55: VNĐ
D56: B | G56: VNĐ | H56: VNĐ | I56: VNĐ | J56: VNĐ
C57: Bán hàng | D57: A | G57: VNĐ | H57: VNĐ | I57: VNĐ | J57: VNĐ
D58: B | G58: VNĐ | H58: VNĐ | I58: VNĐ | J58: VNĐ
C59: Bảo hành | H59: VNĐ | M59: (Nguồn Bảo hành chỉ cần theo dõi số tiền đã phân bổ)
B61: BẢNG CHẤM CÔNG (PAKD) | D61: CHỌN NGUỒN | E61: Bắt buộc | K61: Thời gian: | M61: chọn theo Tháng/Năm
K62: CPNC tạm tính: | M62: VNĐ
M63: phần mềm tính theo bảng lương import
K64: Xuất DS Nhân sự excel | L64: XUẤT BẢNG CÔNG excel | M64: XUẤT BẢNG LƯƠNG excel
K65: BM 1 | L65: BM 2.1 | M65: 3.2
A67: TT | B67: MÃ NV | C67: Họ và tên | D67: Chức danh | E67: Nội dung công việc tham gia nhiệm vụ | F67: CHẤM CÔNG | M67: Ghi chú
F68: 1 | G68: 2 | H68: 3 | I68: … | J68: … | K68: 30 | L68: 31
F69: T2 | G69: T3 | H69: T4 | I69: … | J69: … | K69: T7 | L69: CN
A70: A | B70: SẢN PHẨM A | N70: + SỬA | O70: + XOÁ
A71: 1 | B71: 123204 | C71: Nguyễn Văn X1 | D71: Phó giám đốc | E71: Chọn theo DS nhiệm vụ đc phê duyệt | N71: + SỬA | O71: + XOÁ
A72: 2 | B72: 130448 | C72: Nguyễn Văn X2 | D72: Trưởng phòng | N72: + SỬA | O72: + XOÁ
A73: 3 | B73: 131748 | C73: Nguyễn Văn X3 | D73: Kỹ sư phát triển phần mềm | N73: + SỬA | O73: + XOÁ
A74: 4 | B74: 135755 | C74: Nguyễn Văn X4 | D74: Kỹ sư chính | N74: + SỬA | O74: + XOÁ
A75: 5 | B75: 135756 | C75: Nguyễn Văn X5 | D75: Kỹ sư chính | N75: + SỬA | O75: + XOÁ
A76: 6 | B76: 135757 | C76: Nguyễn Văn X6 | D76: Kỹ sư Kiểm thử | N76: + SỬA | O76: + XOÁ
A77: B | B77: SẢN PHẨM B | N77: + SỬA | O77: + XOÁ
A78: 7 | B78: 135756 | C78: Nguyễn Văn X7 | D78: Kỹ sư chính | N78: + SỬA | O78: + XOÁ
A79: 8 | B79: 135757 | C79: Nguyễn Văn X8 | D79: Kỹ sư Kiểm thử | N79: + SỬA | O79: + XOÁ
B80: + THÊM MỚI | N80: + SỬA | O80: + XOÁ
N81: + SỬA | O81: + XOÁ
L83: SUBMIT | M83: PA/PM chủ trì xác nhận
C93: >> NẾU MỤC 5 CHỌN CÁC PHÂN LOẠI CÒN LẠI, GIAO DIỆN HIỂN THỊ NHƯ SAU:
C95: Chi phí nhân công được phê duyệt | D95: Chi phí nhân công đã phân bổ đến tháng N-1 | E95: Dự phòng | F95: Chi phí nhân công còn lại | G95: Tạm tính lương 6 tháng | H95: Tạm tính lương năm
C96: VNĐ | D96: VNĐ | E96: VNĐ | F96: VNĐ
B99: BẢNG CHẤM CÔNG (ĐTPT/QPAN) | K99: Thời gian: | M99: chọn theo Tháng/Năm
K100: CPNC tạm tính: | M100: VNĐ
M101: phần mềm tính theo bảng lương import
K102: Xuất DS Nhân sự excel | L102: XUẤT BẢNG CÔNG excel | M102: XUẤT BẢNG LƯƠNG excel
K103: BM 1 | L103: BM 2.1 | M103: 3.2
A105: TT | B105: MÃ NV | C105: Họ và tên | D105: Chức danh | E105: Nội dung công việc tham gia nhiệm vụ | F105: CHẤM CÔNG | M105: Ghi chú
F106: 1 | G106: 2 | H106: 3 | I106: … | J106: … | K106: 30 | L106: 31
F107: T2 | G107: T3 | H107: T4 | I107: … | J107: … | K107: T7 | L107: CN
A108: 1 | B108: 123204 | C108: Nguyễn Văn X1 | D108: Phó giám đốc | E108: Chọn theo DS nhiệm vụ đc phê duyệt | N108: + SỬA | O108: + XOÁ
A109: 2 | B109: 130448 | C109: Nguyễn Văn X2 | D109: Trưởng phòng | N109: + SỬA | O109: + XOÁ
A110: 3 | B110: 131748 | C110: Nguyễn Văn X3 | D110: Kỹ sư phát triển phần mềm | N110: + SỬA | O110: + XOÁ
A111: 4 | B111: 135755 | C111: Nguyễn Văn X4 | D111: Kỹ sư chính | N111: + SỬA | O111: + XOÁ
A112: 5 | B112: 135756 | C112: Nguyễn Văn X5 | D112: Kỹ sư chính | N112: + SỬA | O112: + XOÁ
A113: 6 | B113: 135757 | C113: Nguyễn Văn X6 | D113: Kỹ sư Kiểm thử | N113: + SỬA | O113: + XOÁ
B114: + THÊM MỚI
L117: SUBMIT | M117: PA/PM chủ trì xác nhận
B124: Ghi chú
A125: 1 | B125: Khi chọn tháng mới thì Tự động hiện DS nhân sự gợi ý như tháng gần nhất
A126: 2 | B126: Muốn thêm mới thì gõ mã NV => tự động hiện ra tên/chức danh
A127: 3 | B127: Các ngày công nhân sự Nghỉ phép/Ngày t7 CN /Đã submit chấm công ở NV khác trong cùng tháng/Nhiệm vụ chưa bắt đầu hoặc đã hết hạn: tự động khoá ko chấm công đc
A128: 4 | B128: Chỉ ấn submit được khi điền đủ nội dung CV và Nguồn
A129: 5 | B129: Phân quyền: | C129: PA ĐV chủ trì | D129: PA ĐV khác | E129: PM | F129: HR
B130: Chấm công | C130: x | D130: x | E130: x | F130: x
B131: Thêm mới | C131: x | D131: x | E131: x | F131: x
B132: Xoá | C132: x | D132: x | E132: x | F132: x
B133: Sửa | C133: x | D133: x | E133: x | F133: x
B134: Submit | C134: x | D134: x | E134: x | F134: x
B135: PA/PM chủ trì xác nhận | C135: x | E135: x
B136: Xuất DS Nhân sự excel | C136: x | E136: x | F136: x
B137: XUẤT BẢNG CÔNG excel | C137: x | E137: x | F137: x
B138: XUẤT BẢNG LƯƠNG excel | F138: x

Sheet 3.Báo cáo
C1: NỘI DUNG FIX TRÊN MÀN HÌNH: ĐƠN VỊ - KHỐI
A3: TAB 3: BÁO CÁO (ACCOUNT PA/PM ĐƠN VỊ CHỦ TRÌ)
B6: Theo dõi nguồn CPNC của các nhiệm vụ
E7: ĐVT: | F7: Triệu đồng | G7: Xuất Báo cáo excel
G8: BM5 Danh sách nhiệm vụ (Xuất riêng nhiệm vụ của đơn vị chủ trì)
B9: Nhiệm vụ của ĐV Chủ trì | C9: Phân nguồn | D9: Nguồn đã được lập dự toán (Bằng nguồn CPNC đc phê duyệt + Dự phòng nếu có) | E9: Nguồn đã phân bổ | F9: Nguồn cần để phân bổ 6 tháng/Năm | G9: Nguồn còn lại
B10: Nhiệm vụ 1 (KHCN) | C10: KHCN | D10: 10000 | E10: 11000 | F10: 1000 | G10: =D10-E10-F10 -> -2000
B11: Nhiệm vụ 2 (SXKD) | C11: SXKD | D11: 20000 | E11: 8000 | F11: 1500 | G11: =D11-E11-F11 -> 10500
B12: Nhiệm vụ 2 (Bán hàng) | C12: Bán hàng | D12: 3000 | E12: 1000 | F12: 200 | G12: =D12-E12-F12 -> 1800
B13: Nhiệm vụ 3 (ĐTPT) | C13: ĐTPT | D13: 30000 | E13: 22000 | F13: 3000 | G13: =D13-E13-F13 -> 5000
B14: Tổng | D14: =SUM(D10:D13) -> 63000 | E14: =SUM(E10:E13) -> 42000 | F14: =SUM(F10:F13) -> 5700 | G14: =SUM(G10:G13) -> 15300
B18: Tỷ lệ PBNC của đơn vị trong năm | C18: Tính bằng tổng CPNC đc phân bổ mỗi tháng/Quỹ lương tháng của đơn vị cấp 5
C20: 45658 | D20: 45689 | E20: 45717 | F20: 45748 | G20: 45778 | H20: 45809 | I20: 45839 | J20: 45870 | K20: 45901 | L20: 45931 | M20: 45962 | N20: 45992
C21: 0.58012517 | D21: 0.6395034 | E21: 0.66823368 | F21: 0.70030638 | G21: 0.75341836
B36: Nội dung gửi mail cảnh báo | C36: PA/PM | D36: GĐTT | E36: BGĐ Khối | F36: HR | G36: Ghi chú
A37: 1 | B37: Nhiệm vụ sắp hết nguồn | C37: Cảnh báo nếu tháng N+1 và N+2 CPNC phân bổ = tháng N thì cảnh báo ko đủ nguồn | D37: Cảnh báo nếu tháng N+1 CPNC phân bổ = tháng N thì ko đủ nguồn | F37: Cảnh báo nếu tháng N+1 và N+2 CPNC phân bổ = tháng N thì cảnh báo ko đủ nguồn
A38: 2 | B38: Tỷ lệ PBNC của đơn vị hàng tháng | D38: Hàng tháng | F38: Hàng tháng | G38: Nếu <70% có nội dung cảnh báo trong mail
A39: 3 | B39: Tỷ lệ PBNC của Khối hàng quý | E39: Hàng quý | F39: Hàng quý | G39: Nếu <70% có nội dung cảnh báo trong mail
A41: TAB 3: BÁO CÁO (ACCOUNT HR)
B43: TỔNG HỢP
C45: 45658 | D45: 45689 | E45: 45717 | F45: 45748 | G45: 45778 | H45: 45809 | I45: 45839 | J45: 45870 | K45: 45901 | L45: 45931 | M45: 45962 | N45: 45992
B46: Tỷ lệ PBNC của 3 KHỐI | C46: 0.58012517 | D46: 0.6395034 | E46: 0.66823368 | F46: 0.70030638 | G46: 0.75341836
B47: Tính bằng tổng CPNC đc phân bổ mỗi tháng/Quỹ lương tháng của tổng 3 Khối
B49: Tỷ lệ PBNC của VHT | C49: =C46-10% -> 0.48012517 | D49: =D46-10% -> 0.5395034 | E49: =E46-10% -> 0.56823368 | F49: =F46-10% -> 0.60030638 | G49: =G46-10% -> 0.65341836
B50: Tính bằng tổng CPNC đc phân bổ mỗi tháng/Quỹ lương tháng của cả VHT
C51: => Quỹ lương tháng của VHT: Tính theo tổng của bảng lương tháng đã import
B67: Danh sách nhiệm vụ sắp hết nguồn
K68: Xuất Báo cáo excel
B69: Nhiệm vụ sắp hết nguồn (Nguồn còn lại dự kiến ko đủ phân bổ cho 2 tháng tiếp theo) | C69: ĐV Chủ trì | D69: Phân nguồn | E69: Nguồn đã được lập dự toán | F69: Dự phòng | G69: Nguồn đã phân bổ | H69: Nguồn cần để phân bổ 6 tháng/Năm | I69: Nguồn còn lại | K69: BM5 DS Nhiệm vụ (Xuất tất cả nhiệm vụ của VHT)
A70: 1 | B70: Nhiệm vụ 1 (KHCN)
A71: 2 | B71: Nhiệm vụ 2 (SXKD)
A72: 3 | B72: Nhiệm vụ 2 (Bán hàng)
B73: Nhiệm vụ 3 (ĐTPT)

Sheet 4. Trình ký
C1: NỘI DUNG FIX TRÊN MÀN HÌNH: ĐƠN VỊ - KHỐI
A3: TAB 4: TRÌNH KÝ | C3: Chỉ hiện với acc HR
B5: Thời gian: | C5: chọn theo Tháng/Năm | G5: IMPORT | I5: XUẤT EXCEL | J5: TRÌNH KÝ VO THEO NHIỆM VỤ | K5: TRÌNH KÝ VO BẢNG TỔNG HỢP
G6: Bao gồm: | I6: Bao gồm: | J6: Bao gồm: | K6: Bao gồm
G7: 0. BẢNG LƯƠNG THÁNG | H7: Nhập hàng tháng | I7: 3. BẢNG TH PHÂN BỔ | J7: 1. DANH SÁCH NHÂN SỰ | K7: 4. BẢNG TH PHÂN BỔ CPNC
G8: 0. BẢNG CÔNG THÁNG | H8: Nhập hàng tháng | I8: 4. BẢNG TH PHÂN BỔ CPNC | J8: 2.1 & 2.2. BẢNG CÔNG
G9: 5. DANH SÁCH NHIỆM VỤ | H9: Nhập khi có nhiệm vụ mới | J9: 3.1 & 3.2. BẢNG LƯƠNG

Sheet List
A1: Chọn tên Khối (Đơn vị cấp 4) | B1: Chọn tên Đơn vị cấp 5
A2: Khối 1 - TCT CNC | B2: Khối 1
A3: Khối 2 - TCT CNC | B3: Ban Giám đốc Khối
A4: Khối 3 - TCT CNC | B4: Phòng Kinh doanh
A5: Trung tâm Kinh doanh - TCT CNC | B5: Phòng Kiểu dáng và đồ họa
A6: Trung tâm QLCL - TCT CNC | B6: Phòng Tổng hợp
B7: Trung tâm Chỉ huy điều khiển
B8: Trung tâm Công nghệ Cơ khí - Tự động hóa
B9: Trung tâm Đảm bảo chất lượng
B10: Trung tâm dịch vụ sau bán hàng
B11: Trung tâm Khí cụ bay
B12: Trung tâm Mô hình mô phỏng
B13: Trung tâm Nghiên cứu giải pháp tích hợp công nghệ cao
B14: Trung tâm Quang điện tử
B15: Trung tâm Rada
B16: Trung tâm sản xuất
B17: Trung tâm Tác chiến điện tử
B18: Trung tâm Thông tin Quân sự
... B42: Trung tâm QLCL

Sheet BM0.Bang luong thang import
B1: TẬP ĐOÀN CÔNG NGHIỆP - VIỄN THÔNG QUÂN ĐỘI | P1: CỘNG HOÀ XÃ HỘI CHỦ NGHĨA VIỆT NAM
B2: TỔNG CÔNG TY CÔNG NGHIỆP CÔNG NGHỆ CAO VIETTEL | P2: Độc lập - Tự do - Hạnh phúc
A4: BẢNG LƯƠNG THÁNG
M8: AG | N8: AK | O8: AL | P8: AM | Q8: AN | R8: AO | S8: AQ | U8: =SUM(H14:T14) -> 47093365550
A9: Stt | B9: Mã nhân viên | C9: Họ và tên | D9: Đối tượng | E9: Thông tin công | G9: Lương tháng (trừ làm thêm, lương phép) | H9: Lương tháng (trừ BH cá nhân) | I9: Truy thu/truy lĩnh (lương tháng lần 2) | J9: Lương SXKD (nếu có) | K9: Lương thử việc, tập nghề | L9: Lương kinh doanh thử việc, tập nghề | M9: Bảo hiểm, KPCĐ | T9: Các khoản ăn ca, điện thoại, chi phí, phụ cấp | V9: Đơn vị | W9: Đơn vị cấp 5 | X9: Đơn vị cấp 4 | Y9: GT/TT
M10: BHXH | O10: BHYT | Q10: BHTN | S10: KPCĐ
E11: Công tiêu chuẩn | F11: Công tính lương | M11: Cá nhân | N11: Đơn vị | O11: Cá nhân | P11: Đơn vị | Q11: Cá nhân | R11: Đơn vị
A13: STT | B13: MNV | C13: HỌ VÀ TÊN | D13: Đối tượng | E13: Công tiêu chuẩn | F13: Công tính lương | G13: Lương tháng (trừ làm thêm, lương phép) | H13: Lương tháng (trừ BH cá nhân) | I13: Truy thu/truy lĩnh (lương tháng lần 2) | J13: Lương SXKD (nếu có) | K13: Lương thử việc, tập nghề | L13: Lương kinh doanh thử việc, tập nghề | M13: Cá nhân | N13: Đơn vị | O13: Cá nhân | P13: Đơn vị | Q13: Cá nhân | R13: Đơn vị | S13: KPCĐ | T13: Các khoản ăn ca, điện thoại, chi phí, phụ cấp | U13: CỘNG | V13: Đơn vị | W13: Đơn vị | X13: Khối/Phòng ban
C14: Tổng | G14: =SUM(G15:G1048576) -> 41712607632 | H14: =SUM(H15:H1048576) -> 40342565043 | I14: =SUM(I15:I1048576) -> 0 | J14: =SUM(J15:J1048576) -> 0 | K14: =SUM(K15:K1048576) -> 759073941 | L14: =SUM(L15:L1048576) -> 0 | M14: =SUM(M15:M1048576) -> 1095926072 | N14: =SUM(N15:N1048576) -> 2388761735 | ... U14: =SUM(U15:U1048576) -> 47093365550 | V14: =SUBTOTAL(9,V15:V1059) -> 0
A15: =SUBTOTAL(3,$B$15:B15) -> 0 | B15: 000375 | C15: Nguyễn Ngọc Hà | D15: QNCN | E15: 21 | F15: 21 | G15: 20790517 | H15: =+G15-SUM(M15,O15,Q15) -> 19410666 | M15: 1379851 | N15: 3018425 | O15: 0 | P15: 0 | Q15: 0 | R15: 0 | S15: 344963 | T15: 1047000 | U15: =+SUM(H15:T15) -> 25200905 | W15: =+VLOOKUP($B15,[2]Time_S4!$B:$G,6,0) -> Phòng Nhân sự | X15: =IF(W15="Phòng Kinh doanh","Trung tâm Kinh doanh - TCT CNC",+VLOOKUP($B15,[2]Time_S4!$B:$G,5,0)) -> Khối cơ quan - TCT CNC
A16: =SUBTOTAL(3,$B$15:B16) -> 0 | B16: 001615 | C16: Đỗ Đức Ánh | D16: VCQP | E16: 21 | F16: 21 | G16: 25852064 | H16: =+G16-SUM(M16,O16,Q16) -> 24849780 | M16: 844029 | N16: 1846313 | O16: 158255 | P16: 316511 | Q16: 0 | R16: 0 | S16: 211007 | T16: 930000 | U16: =+SUM(H16:T16) -> 29155895 | W16: =+VLOOKUP($B16,[2]Time_S4!$B:$G,6,0) -> Phòng Kinh doanh | X16: =IF(W16="Phòng Kinh doanh","Trung tâm Kinh doanh - TCT CNC",+VLOOKUP($B16,[2]Time_S4!$B:$G,5,0)) -> Trung tâm Kinh doanh - TCT CNC
A17: =SUBTOTAL(3,$B$15:B17) -> 0 | B17: 001618 | C17: Nguyễn Thị Hiên | D17: QNCN | E17: 21 | F17: 21 | G17: 68679032 | H17: =+G17-SUM(M17,O17,Q17) -> 67077536 | M17: 1601496 | N17: 3503273 | O17: 0 | P17: 0 | Q17: 0 | R17: 0 | S17: 400374 | T17: 1847000 | U17: =+SUM(H17:T17) -> 74429679 | W17: =+VLOOKUP($B17,[2]Time_S4!$B:$G,6,0) -> Phòng Hành chính | X17: =IF(W17="Phòng Kinh doanh","Trung tâm Kinh doanh - TCT CNC",+VLOOKUP($B17,[2]Time_S4!$B:$G,5,0)) -> Khối cơ quan - TCT CNC
A18: =SUBTOTAL(3,$B$15:B18) -> 0 | B18: 002127 | C18: Đỗ Thu Hằng | D18: VCQP | E18: 21 | F18: 21 | G18: 20131774 | H18: =+G18-SUM(M18,O18,Q18) -> 19254934 | M18: 738392 | N18: 1615232 | O18: 138448 | P18: 276897 | Q18: 0 | R18: 0 | S18: 184598 | T18: 1047000 | U18: =+SUM(H18:T18) -> 23255501 | W18: =+VLOOKUP($B18,[2]Time_S4!$B:$G,6,0) -> Hệ thống Lab dùng chung | X18: =IF(W18="Phòng Kinh doanh","Trung tâm Kinh doanh - TCT CNC",+VLOOKUP($B18,[2]Time_S4!$B:$G,5,0)) -> Trung tâm Quản lý chất lượng - TCT CNC
A19: =SUBTOTAL(3,$B$15:B19) -> 0 | B19: 003738 | C19: Nguyễn Thế Anh | D19: HDDH | E19: 21 | F19: 21 | G19: 21013687 | H19: =+G19-SUM(M19,O19,Q19) -> 20097079 | M19: 698368 | N19: 1527680 | O19: 130944 | P19: 261888 | Q19: 87296 | R19: 87296 | S19: 174592 | T19: 1866000 | U19: =+SUM(H19:T19) -> 24931143 | W19: =+VLOOKUP($B19,[2]Time_S4!$B:$G,6,0) -> Trung tâm dịch vụ sau bán hàng | X19: =IF(W19="Phòng Kinh doanh","Trung tâm Kinh doanh - TCT CNC",+VLOOKUP($B19,[2]Time_S4!$B:$G,5,0)) -> Khối 1 - TCT CNC
A20: =SUBTOTAL(3,$B$15:B20) -> 0 | B20: 003965 | C20: Trần Trung Trực | D20: SQ | E20: 21 | F20: 21 | G20: 90999558 | H20: =+G20-SUM(M20,O20,Q20) -> 89307270 | M20: 1692288 | N20: 3701880 | O20: 0 | P20: 0 | Q20: 0 | R20: 0 | S20: 423072 | T20: 1730000 | U20: =+SUM(H20:T20) -> 96854510 | W20: =+VLOOKUP($B20,[2]Time_S4!$B:$G,6,0) -> Trung tâm Nghiên cứu giải pháp tích hợp công nghệ cao | X20: =IF(W20="Phòng Kinh doanh","Trung tâm Kinh doanh - TCT CNC",+VLOOKUP($B20,[2]Time_S4!$B:$G,5,0)) -> Khối 1 - TCT CNC
A21: =SUBTOTAL(3,$B$15:B21) -> 0 | B21: 003966 | C21: Nguyễn Gia Vinh | D21: SQ | E21: 21 | F21: 21 | G21: 90999558 | H21: =+G21-SUM(M21,O21,Q21) -> 89482676 | M21: 1516882 | N21: 3318179 | O21: 0 | P21: 0 | Q21: 0 | R21: 0 | S21: 379220 | T21: 1730000 | U21: =+SUM(H21:T21) -> 96426957 | W21: =+VLOOKUP($B21,[2]Time_S4!$B:$G,6,0) -> Phòng Chiến lược - KHCN | X21: =IF(W21="Phòng Kinh doanh","Trung tâm Kinh doanh - TCT CNC",+VLOOKUP($B21,[2]Time_S4!$B:$G,5,0)) -> Khối cơ quan - TCT CNC
A22: =SUBTOTAL(3,$B$15:B22) -> 1 | B22: 003990 | C22: Vũ Ngọc Vinh | D22: SQ | E22: 21 | F22: 21 | G22: 97935011 | H22: =+G22-SUM(M22,O22,Q22) -> 96438909 | M22: 1496102 | N22: 3272724 | O22: 0 | P22: 0 | Q22: 0 | R22: 0 | S22: 374026 | T22: 1230000 | U22: =+SUM(H22:T22) -> 102811761 | W22: =+VLOOKUP($B22,[2]Time_S4!$B:$G,6,0) -> Trung tâm Chỉ huy điều khiển | X22: =IF(W22="Phòng Kinh doanh","Trung tâm Kinh doanh - TCT CNC",+VLOOKUP($B22,[2]Time_S4!$B:$G,5,0)) -> Khối 1 - TCT CNC
A23: =SUBTOTAL(3,$B$15:B23) -> 1 | B23: 003994 | C23: Đinh Ngọc Kỳ Sơn | D23: VCQP | E23: 21 | F23: 21 | G23: 26960570 | H23: =+G23-SUM(M23,O23,Q23) -> 25846580 | M23: 938097 | N23: 2052086 | O23: 175893 | P23: 351786 | Q23: 0 | R23: 0 | S23: 234524 | T23: 930000 | U23: =+SUM(H23:T23) -> 30528966 | W23: =+VLOOKUP($B23,[2]Time_S4!$B:$G,6,0) -> Phòng Công nghệ thông tin | X23: =IF(W23="Phòng Kinh doanh","Trung tâm Kinh doanh - TCT CNC",+VLOOKUP($B23,[2]Time_S4!$B:$G,5,0)) -> Khối cơ quan - TCT CNC
A24: =SUBTOTAL(3,$B$15:B24) -> 1 | B24: 004011 | C24: Phan Thanh Trung | D24: SQ | E24: 21 | F24: 21 | G24: 170228538 | H24: =+G24-SUM(M24,O24,Q24) -> 168536250 | M24: 1692288 | N24: 3701880 | O24: 0 | P24: 0 | Q24: 0 | R24: 0 | S24: 423072 | T24: 3432000 | U24: =+SUM(H24:T24) -> 177785490 | W24: =+VLOOKUP($B24,[2]Time_S4!$B:$G,6,0) -> Ban Giám đốc Khối | X24: =IF(W24="Phòng Kinh doanh","Trung tâm Kinh doanh - TCT CNC",+VLOOKUP($B24,[2]Time_S4!$B:$G,5,0)) -> Khối 2 - TCT CNC
A25: =SUBTOTAL(3,$B$15:B25) -> 1 | B25: 004012 | C25: Tống Thanh Sơn | D25: SQ | E25: 21 | F25: 21 | G25: 152160840 | H25: =+G25-SUM(M25,O25,Q25) -> 150643958 | M25: 1516882 | N25: 3318179 | O25: 0 | P25: 0 | Q25: 0 | R25: 0 | S25: 379220 | T25: 2730000 | U25: =+SUM(H25:T25) -> 158588239 | W25: =+VLOOKUP($B25,[2]Time_S4!$B:$G,6,0) -> Ban Giám đốc | X25: =IF(W25="Phòng Kinh doanh","Trung tâm Kinh doanh - TCT CNC",+VLOOKUP($B25,[2]Time_S4!$B:$G,5,0)) -> Trung tâm Kinh doanh - TCT CNC
A26: =SUBTOTAL(3,$B$15:B26) -> 1 | B26: 004032 | C26: Nguyễn Đức Nam | D26: HDDH | E26: 21 | F26: 21 | G26: 78568069 | H26: =+G26-SUM(M26,O26,Q26) -> 77120245 | M26: 1103104 | N26: 2413040 | O26: 206832 | P26: 413664 | Q26: 137888 | R26: 137888 | S26: 275776 | T26: 1230000 | U26: =+SUM(H26:T26) -> 83038437 | W26: =+VLOOKUP($B26,[2]Time_S4!$B:$G,6,0) -> Trung tâm Rada | X26: =IF(W26="Phòng Kinh doanh","Trung tâm Kinh doanh - TCT CNC",+VLOOKUP($B26,[2]Time_S4!$B:$G,5,0)) -> Khối 1 - TCT CNC
... A51: =SUBTOTAL(3,$B$15:B51) -> 1 | B51: 011220 | C51: Phan Viết Thời | D51: VCQP | E51: 21 | F51: 21 | G51: 33829476 | H51: =+G51-SUM(M51,O51,Q51) -> 32753900 | M51: 905748 | N51: 1981325 | O51: 169828 | P51: 339656 | Q51: 0 | R51: 0 | S51: 226437 | T51: 1030000 | U51: =+SUM(H51:T51) -> 37406894 | W51: =+VLOOKUP($B51,[2]Time_S4!$B:$G,6,0) -> Trung tâm dịch vụ sau bán hàng | X51: =IF(W51="Phòng Kinh doanh","Trung tâm Kinh doanh - TCT CNC",+VLOOKUP($B51,[2]Time_S4!$B:$G,5,0)) -> Khối 2 - TCT CNC
A52: =SUBTOTAL(3,$B$15:B52) -> 1 | B52: 011238 | C52: Lê Thúy Mai | D52: QNCN | E52: 21 | F52: 21 | G52: 42467798 | H52: =+G52-SUM(M52,O52,Q52) -> 40955316 | J52: 0 | L52: 0 | M52: 1512482 | N52: 3308555 | O52: 0 | P52: 0 | Q52: 0 | R52: 0 | S52: 378121 | T52: 1347000 | U52: =+SUM(H52:T52) -> 47501474 | W52: =+VLOOKUP($B52,[2]Time_S4!$B:$G,6,0) -> Phòng Thương hiệu và truyền thông | X52: =IF(W52="Phòng Kinh doanh","Trung tâm Kinh doanh - TCT CNC",+VLOOKUP($B52,[2]Time_S4!$B:$G,5,0)) -> Trung tâm Kinh doanh - TCT CNC
A53: =SUBTOTAL(3,$B$15:B53) -> 1 | B53: 011350 | C53: Nguyễn Hoàng Long | D53: SQ | E53: 21 | F53: 21 | G53: 100964258 | H53: =+G53-SUM(M53,O53,Q53) -> 99365383 | J53: 0 | L53: 0 | M53: 1598875 | N53: 3497540 | O53: 0 | P53: 0 | Q53: 0 | R53: 0 | S53: 399719 | T53: 2730000 | U53: =+SUM(H53:T53) -> 107591517 | W53: =+VLOOKUP($B53,[2]Time_S4!$B:$G,6,0) -> Ban Giám đốc | X53: =IF(W53="Phòng Kinh doanh","Trung tâm Kinh doanh - TCT CNC",+VLOOKUP($B53,[2]Time_S4!$B:$G,5,0)) -> Khối 3 - TCT CNC
A54: =SUBTOTAL(3,$B$15:B54) -> 1 | B54: 012486 | C54: Đoàn Hữu Đồng | D54: QNCN | E54: 21 | F54: 21 | G54: 31091030 | H54: =+G54-SUM(M54,O54,Q54) -> 29696764 | J54: 0 | L54: 0 | M54: 1394266 | N54: 3049956 | O54: 0 | P54: 0 | Q54: 0 | R54: 0 | S54: 348566 | T54: 1381000 | U54: =+SUM(H54:T54) -> 35870552 | W54: =+VLOOKUP($B54,[2]Time_S4!$B:$G,6,0) -> Văn phòng | X54: =IF(W54="Phòng Kinh doanh","Trung tâm Kinh doanh - TCT CNC",+VLOOKUP($B54,[2]Time_S4!$B:$G,5,0)) -> Khối cơ quan - TCT CNC
A55: =SUBTOTAL(3,$B$15:B55) -> 1 | B55: 012721 | C55: Hồ Trọng Hiếu | D55: SQ | E55: 21 | F55: 21 | G55: 72242477 | H55: =+G55-SUM(M55,O55,Q55) -> 70385453 | M55: 1857024 | N55: 4062240 | O55: 0 | P55: 0 | Q55: 0 | R55: 0 | S55: 464256 | T55: 2432000 | U55: =+SUM(H55:T55) -> 79200973 | W55: =+VLOOKUP($B55,[2]Time_S4!$B:$G,6,0) -> Văn phòng | X55: =IF(W55="Phòng Kinh doanh","Trung tâm Kinh doanh - TCT CNC",+VLOOKUP($B55,[2]Time_S4!$B:$G,5,0)) -> Khối cơ quan - TCT CNC
A56: =SUBTOTAL(3,$B$15:B56) -> 1 | B56: 013943 | C56: Phạm Thế Anh | D56: QNCN | E56: 21 | F56: 21 | G56: 16076467 | H56: =+G56-SUM(M56,O56,Q56) -> 14859667 | M56: 1216800 | N56: 2661750 | O56: 0 | P56: 0 | Q56: 0 | R56: 0 | S56: 304200 | T56: 930000 | U56: =+SUM(H56:T56) -> 19972417 | W56: =+VLOOKUP($B56,[2]Time_S4!$B:$G,6,0) -> Phòng Hành chính | X56: =IF(W56="Phòng Kinh doanh","Trung tâm Kinh doanh - TCT CNC",+VLOOKUP($B56,[2]Time_S4!$B:$G,5,0)) -> Khối cơ quan - TCT CNC
A57: =SUBTOTAL(3,$B$15:B57) -> 1 | B57: 014553 | C57: Hà Minh Đức | D57: QNCN | E57: 21 | F57: 0 | G57: 19322071 | H57: =+G57-SUM(M57,O57,Q57) -> 18054321 | M57: 1267750 | N57: 2773204 | O57: 0 | P57: 0 | Q57: 0 | R57: 0 | S57: 316938 | T57: 0 | U57: =+SUM(H57:T57) -> 22412213 | W57: =+VLOOKUP($B57,[2]Time_S4!$B:$G,6,0) -> Phòng Hành chính | X57: =IF(W57="Phòng Kinh doanh","Trung tâm Kinh doanh - TCT CNC",+VLOOKUP($B57,[2]Time_S4!$B:$G,5,0)) -> Khối cơ quan - TCT CNC
A58: =SUBTOTAL(3,$B$15:B58) -> 1 | B58: 014913 | C58: Trần Thị Hồng Nhung | D58: QNCN | E58: 21 | F58: 21 | G58: 27552070 | H58: =+G58-SUM(M58,O58,Q58) -> 26145356 | M58: 1406714 | N58: 3077188 | O58: 0 | P58: 0 | Q58: 0 | R58: 0 | S58: 351679 | T58: 1398000 | U58: =+SUM(H58:T58) -> 32378937 | W58: =+VLOOKUP($B58,[2]Time_S4!$B:$G,6,0) -> Phòng Hợp đồng | X58: =IF(W58="Phòng Kinh doanh","Trung tâm Kinh doanh - TCT CNC",+VLOOKUP($B58,[2]Time_S4!$B:$G,5,0)) -> Trung tâm Mua sắm - TCT CNC
A59: =SUBTOTAL(3,$B$15:B59) -> 1 | B59: 015237 | C59: Nguyễn Trần Huy Toàn | D59: QNCN | E59: 21 | F59: 21 | G59: 17142387 | H59: =+G59-SUM(M59,O59,Q59) -> 15867181 | M59: 1275206 | N59: 2789514 | O59: 0 | P59: 0 | Q59: 0 | R59: 0 | S59: 318802 | T59: 1530000 | U59: =+SUM(H59:T59) -> 21780703 | W59: =+VLOOKUP($B59,[2]Time_S4!$B:$G,6,0) -> Phòng Hành chính | X59: =IF(W59="Phòng Kinh doanh","Trung tâm Kinh doanh - TCT CNC",+VLOOKUP($B59,[2]Time_S4!$B:$G,5,0)) -> Khối cơ quan - TCT CNC
A60: =SUBTOTAL(3,$B$15:B60) -> 1 | B60: 015413 | C60: Tạ Diệu Thúy | D60: HDDH | E60: 21 | F60: 21 | G60: 27552070 | H60: =+G60-SUM(M60,O60,Q60) -> 26536510 | M60: 773760 | N60: 1692600 | O60: 145080 | P60: 290160 | Q60: 96720 | R60: 96720 | S60: 193440 | T60: 1047000 | U60: =+SUM(H60:T60) -> 30871990 | W60: =+VLOOKUP($B60,[2]Time_S4!$B:$G,6,0) -> Phòng Đảm bảo chất lượng | X60: =IF(W60="Phòng Kinh doanh","Trung tâm Kinh doanh - TCT CNC",+VLOOKUP($B60,[2]Time_S4!$B:$G,5,0)) -> Trung tâm Quản lý chất lượng - TCT CNC
A61: =SUBTOTAL(3,$B$15:B61) -> 1 | B61: 016049 | C61: Lê Thị Út Lan | D61: HDDH | E61: 21 | F61: 21 | G61: 20344177 | H61: =+G61-SUM(M61,O61,Q61) -> 19427569 | M61: 698368 | N61: 1527680 | O61: 130944 | P61: 261888 | Q61: 87296 | R61: 87296 | S61: 174592 | T61: 1047000 | U61: =+SUM(H61:T61) -> 23442633 | W61: =+VLOOKUP($B61,[2]Time_S4!$B:$G,6,0) -> Phòng Tổng hợp | X61: =IF(W61="Phòng Kinh doanh","Trung tâm Kinh doanh - TCT CNC",+VLOOKUP($B61,[2]Time_S4!$B:$G,5,0)) -> Khối 1 - TCT CNC
A62: =SUBTOTAL(3,$B$15:B62) -> 1 | B62: 016474 | C62: Mai Gia Hà | D62: QNCN | E62: 21 | F62: 21 | G62: 69403754 | H62: =+G62-SUM(M62,O62,Q62) -> 67923002 | M62: 1480752 | N62: 3239145 | O62: 0 | P62: 0 | Q62: 0 | R62: 0 | S62: 370188 | T62: 1730000 | U62: =+SUM(H62:T62) -> 74743087 | W62: =+VLOOKUP($B62,[2]Time_S4!$B:$G,6,0) -> Phòng Công nghệ thông tin | X62: =IF(W62="Phòng Kinh doanh","Trung tâm Kinh doanh - TCT CNC",+VLOOKUP($B62,[2]Time_S4!$B:$G,5,0)) -> Khối cơ quan - TCT CNC
A63: =SUBTOTAL(3,$B$15:B63) -> 1 | B63: 017247 | C63: Cao Thị Lệ Thúy | D63: HDDH | E63: 21 | F63: 21 | G63: 21857433 | H63: =+G63-SUM(M63,O63,Q63) -> 20940825 | M63: 698368 | N63: 1527680 | O63: 130944 | P63: 261888 | Q63: 87296 | R63: 87296 | S63: 174592 | T63: 1515000 | U63: =+SUM(H63:T63) -> 25423889 | W63: =+VLOOKUP($B63,[2]Time_S4!$B:$G,6,0) -> Bộ phận Hỗ trợ nghiệp vụ | X63: =IF(W63="Phòng Kinh doanh","Trung tâm Kinh doanh - TCT CNC",+VLOOKUP($B63,[2]Time_S4!$B:$G,5,0)) -> Trung tâm Kinh doanh - TCT CNC
A64: =SUBTOTAL(3,$B$15:B64) -> 1 | B64: 018257 | C64: Nguyễn Thị Thu Hiền | D64: VCQP | E64: 21 | F64: 21 | G64: 20790517 | H64: =+G64-SUM(M64,O64,Q64) -> 19797103 | M64: 836559 | N64: 1829974 | O64: 156855 | P64: 313710 | Q64: 0 | R64: 0 | S64: 209140 | T64: 1047000 | U64: =+SUM(H64:T64) -> 24190341 | W64: =+VLOOKUP($B64,[2]Time_S4!$B:$G,6,0) -> Phòng Đảm bảo hàng hóa | X64: =IF(W64="Phòng Kinh doanh","Trung tâm Kinh doanh - TCT CNC",+VLOOKUP($B64,[2]Time_S4!$B:$G,5,0)) -> Trung tâm Mua sắm - TCT CNC
A65: =SUBTOTAL(3,$B$15:B65) -> 1 | B65: 019658 | C65: Lê Trường Giang | D65: SQ | E65: 21 | F65: 21 | G65: 132630507 | H65: =+G65-SUM(M65,O65,Q65) -> 131301013 | M65: 1329494 | N65: 2908269 | O65: 0 | P65: 0 | Q65: 0 | R65: 0 | S65: 332374 | T65: 3432000 | U65: =+SUM(H65:T65) -> 139303150 | W65: =+VLOOKUP($B65,[2]Time_S4!$B:$G,6,0) -> Ban Giám đốc Khối | X65: =IF(W65="Phòng Kinh doanh","Trung tâm Kinh doanh - TCT CNC",+VLOOKUP($B65,[2]Time_S4!$B:$G,5,0)) -> Khối 2 - TCT CNC
A66: =SUBTOTAL(3,$B$15:B66) -> 1 | B66: 019662 | C66: Nguyễn Đức Tuyền | D66: HDDH | E66: 21 | F66: 21 | G66: 48861507 | H66: =+G66-SUM(M66,O66,Q66) -> 47616795 | M66: 948352 | N66: 2074520 | O66: 177816 | P66: 355632 | Q66: 118544 | R66: 118544 | S66: 237088 | T66: 1030000 | U66: =+SUM(H66:T66) -> 52677291 | W66: =+VLOOKUP($B66,[2]Time_S4!$B:$G,6,0) -> Trung tâm Nghiên cứu thiết bị vô tuyến băng rộng | X66: =IF(W66="Phòng Kinh doanh","Trung tâm Kinh doanh - TCT CNC",+VLOOKUP($B66,[2]Time_S4!$B:$G,5,0)) -> Khối 2 - TCT CNC
... A385: =SUBTOTAL(3,$B$15:B385) -> 2 | B385: 177559 | C385: Nguyễn Thị Hồng | D385: HDDH | E385: 21 | F385: 21 | G385: 40650853 | H385: =+G385-SUM(M385,O385,Q385) -> 39525925 | M385: 857088 | N385: 1874880 | O385: 160704 | P385: 321408 | Q385: 107136 | R385: 107136 | S385: 214272 | T385: 1147000 | U385: =+SUM(H385:T385) -> 44315549 | W385: =+VLOOKUP($B385,[2]Time_S4!$B:$G,6,0) -> Trung tâm Phát triển nền tảng thanh toán | X385: =IF(W385="Phòng Kinh doanh","Trung tâm Kinh doanh - TCT CNC",+VLOOKUP($B385,[2]Time_S4!$B:$G,5,0)) -> Khối 2 - TCT CNC
A386: =SUBTOTAL(3,$B$15:B386) -> 2 | B386: 177560 | C386: Trần Văn Hùng | D386: HDDH | E386: 21 | F386: 21 | G386: 29826640 | H386: =+G386-SUM(M386,O386,Q386) -> 28759000 | J386: 0 | M386: 813440 | N386: 1779400 | O386: 152520 | P386: 305040 | Q386: 101680 | R386: 101680 | S386: 203360 | T386: 1630000 | U386: =+SUM(H386:T386) -> 33846120 | W386: =+VLOOKUP($B386,[2]Time_S4!$B:$G,6,0) -> Trung tâm dịch vụ sau bán hàng | X386: =IF(W386="Phòng Kinh doanh","Trung tâm Kinh doanh - TCT CNC",+VLOOKUP($B386,[2]Time_S4!$B:$G,5,0)) -> Khối 2 - TCT CNC
A387: =SUBTOTAL(3,$B$15:B387) -> 2 | B387: 177564 | C387: Trần Đức Bình | D387: HDDH | E387: 21 | F387: 21 | G387: 49418622 | H387: =+G387-SUM(M387,O387,Q387) -> 48173910 | J387: 0 | M387: 948352 | N387: 2074520 | O387: 177816 | P387: 355632 | Q387: 118544 | R387: 118544 | S387: 237088 | T387: 1030000 | U387: =+SUM(H387:T387) -> 53234406 | W387: =+VLOOKUP($B387,[2]Time_S4!$B:$G,6,0) -> Trung tâm Nghiên cứu Công nghệ chuyển mạch | X387: =IF(W387="Phòng Kinh doanh","Trung tâm Kinh doanh - TCT CNC",+VLOOKUP($B387,[2]Time_S4!$B:$G,5,0)) -> Khối 2 - TCT CNC
A388: =SUBTOTAL(3,$B$15:B388) -> 2 | B388: 179676 | C388: Vũ Thái Sơn | D388: HDDH | E388: 21 | F388: 21 | G388: 23034309 | H388: =+G388-SUM(M388,O388,Q388) -> 22070829 | M388: 734080 | N388: 1605800 | O388: 137640 | P388: 275280 | Q388: 91760 | R388: 91760 | S388: 183520 | T388: 930000 | U388: =+SUM(H388:T388) -> 26120669 | W388: =+VLOOKUP($B388,[2]Time_S4!$B:$G,6,0) -> Phòng Tài chính | X388: =IF(W388="Phòng Kinh doanh","Trung tâm Kinh doanh - TCT CNC",+VLOOKUP($B388,[2]Time_S4!$B:$G,5,0)) -> Khối cơ quan - TCT CNC
A389: =SUBTOTAL(3,$B$15:B389) -> 2 | B389: 179953 | C389: Phan Duy Nam | D389: HDDH | E389: 21 | F389: 21 | G389: 36120149 | H389: =+G389-SUM(M389,O389,Q389) -> 34995221 | M389: 857088 | N389: 1874880 | O389: 160704 | P389: 321408 | Q389: 107136 | R389: 107136 | S389: 214272 | T389: 1030000 | U389: =+SUM(H389:T389) -> 39667845 | W389: =+VLOOKUP($B389,[2]Time_S4!$B:$G,6,0) -> Bộ phận Hỗ trợ nghiệp vụ | X389: =IF(W389="Phòng Kinh doanh","Trung tâm Kinh doanh - TCT CNC",+VLOOKUP($B389,[2]Time_S4!$B:$G,5,0)) -> Trung tâm Kinh doanh - TCT CNC
A390: =SUBTOTAL(3,$B$15:B390) -> 2 | B390: 179974 | C390: Nguyễn Thanh Hào | D390: HDDH | E390: 21 | F390: 21 | G390: 38650853 | H390: =+G390-SUM(M390,O390,Q390) -> 37525925 | J390: 0 | M390: 857088 | N390: 1874880 | O390: 160704 | P390: 321408 | Q390: 107136 | R390: 107136 | S390: 214272 | T390: 1030000 | U390: =+SUM(H390:T390) -> 42198549 | W390: =+VLOOKUP($B390,[2]Time_S4!$B:$G,6,0) -> Trung tâm Mô hình mô phỏng | X390: =IF(W390="Phòng Kinh doanh","Trung tâm Kinh doanh - TCT CNC",+VLOOKUP($B390,[2]Time_S4!$B:$G,5,0)) -> Khối 1 - TCT CNC
A391: =SUBTOTAL(3,$B$15:B391) -> 2 | B391: 180454 | C391: Nguyễn Văn Trọng | D391: HDDH | E391: 21 | F391: 21 | G391: 37162286 | H391: =+G391-SUM(M391,O391,Q391) -> 36037358 | J391: 0 | M391: 857088 | N391: 1874880 | O391: 160704 | P391: 321408 | Q391: 107136 | R391: 107136 | S391: 214272 | T391: 1030000 | U391: =+SUM(H391:T391) -> 40709982 | W391: =+VLOOKUP($B391,[2]Time_S4!$B:$G,6,0) -> Trung tâm Nghiên cứu thiết bị vô tuyến băng rộng | X391: =IF(W391="Phòng Kinh doanh","Trung tâm Kinh doanh - TCT CNC",+VLOOKUP($B391,[2]Time_S4!$B:$G,5,0)) -> Khối 2 - TCT CNC
A392: =SUBTOTAL(3,$B$15:B392) -> 2 | B392: 180496 | C392: Nguyễn Khắc Nam | D392: HDDH | E392: 21 | F392: 21 | G392: 41773944 | H392: =+G392-SUM(M392,O392,Q392) -> 40649016 | M392: 857088 | N392: 1874880 | O392: 160704 | P392: 321408 | Q392: 107136 | R392: 107136 | S392: 214272 | T392: 1030000 | U392: =+SUM(H392:T392) -> 45321640 | W392: =+VLOOKUP($B392,[2]Time_S4!$B:$G,6,0) -> Trung tâm Thông tin Quân sự | X392: =IF(W392="Phòng Kinh doanh","Trung tâm Kinh doanh - TCT CNC",+VLOOKUP($B392,[2]Time_S4!$B:$G,5,0)) -> Khối 1 - TCT CNC
A393: =SUBTOTAL(3,$B$15:B393) -> 2 | B393: 181513 | C393: Đỗ Văn Thụ | D393: HDDH | E393: 21 | F393: 21 | G393: 29197170 | H393: =+G393-SUM(M393,O393,Q393) -> 28181610 | M393: 773760 | N393: 1692600 | O393: 145080 | P393: 290160 | Q393: 96720 | R393: 96720 | S393: 193440 | T393: 930000 | U393: =+SUM(H393:T393) -> 32400090 | W393: =+VLOOKUP($B393,[2]Time_S4!$B:$G,6,0) -> Trung tâm Khí cụ bay | X393: =IF(W393="Phòng Kinh doanh","Trung tâm Kinh doanh - TCT CNC",+VLOOKUP($B393,[2]Time_S4!$B:$G,5,0)) -> Khối 1 - TCT CNC
A394: =SUBTOTAL(3,$B$15:B394) -> 2 | B394: 182136 | C394: Bùi Hải Sơn | D394: HDDH | E394: 21 | F394: 21 | G394: 34826640 | H394: =+G394-SUM(M394,O394,Q394) -> 33759000 | M394: 813440 | N394: 1779400 | O394: 152520 | P394: 305040 | Q394: 101680 | R394: 101680 | S394: 203360 | T394: 1498000 | U394: =+SUM(H394:T394) -> 38714120 | W394: =+VLOOKUP($B394,[2]Time_S4!$B:$G,6,0) -> Trung tâm Phát triển nền tảng thanh toán | X394: =IF(W394="Phòng Kinh doanh","Trung tâm Kinh doanh - TCT CNC",+VLOOKUP($B394,[2]Time_S4!$B:$G,5,0)) -> Khối 2 - TCT CNC
A395: =SUBTOTAL(3,$B$15:B395) -> 2 | B395: 182577 | C395: Lê Minh Tú | D395: HDDH | E395: 21 | F395: 21 | G395: 39185912 | H395: =+G395-SUM(M395,O395,Q395) -> 38060984 | M395: 857088 | N395: 1874880 | O395: 160704 | P395: 321408 | Q395: 107136 | R395: 107136 | S395: 214272 | T395: 1030000 | U395: =+SUM(H395:T395) -> 42733608 | W395: =+VLOOKUP($B395,[2]Time_S4!$B:$G,6,0) -> Trung tâm Nghiên cứu Công nghệ chuyển mạch | X395: =IF(W395="Phòng Kinh doanh","Trung tâm Kinh doanh - TCT CNC",+VLOOKUP($B395,[2]Time_S4!$B:$G,5,0)) -> Khối 2 - TCT CNC
A396: =SUBTOTAL(3,$B$15:B396) -> 2 | B396: 182676 | C396: Đỗ Văn Thập | D396: HDDH | E396: 21 | F396: 21 | G396: 15441923 | H396: =+G396-SUM(M396,O396,Q396) -> 14608643 | M396: 634880 | N396: 1388800 | O396: 119040 | P396: 238080 | Q396: 79360 | R396: 79360 | S396: 158720 | T396: 1630000 | U396: =+SUM(H396:T396) -> 18936883 | W396: =+VLOOKUP($B396,[2]Time_S4!$B:$G,6,0) -> Phòng Hành chính | X396: =IF(W396="Phòng Kinh doanh","Trung tâm Kinh doanh - TCT CNC",+VLOOKUP($B396,[2]Time_S4!$B:$G,5,0)) -> Khối cơ quan - TCT CNC
A397: =SUBTOTAL(3,$B$15:B397) -> 2 | B397: 183173 | C397: Lê Ngọc Mai | D397: HDDH | E397: 21 | F397: 21 | G397: 18902938 | H397: =+G397-SUM(M397,O397,Q397) -> 17986330 | M397: 698368 | N397: 1527680 | O397: 130944 | P397: 261888 | Q397: 87296 | R397: 87296 | S397: 174592 | T397: 1047000 | U397: =+SUM(H397:T397) -> 22001394 | W397: =+VLOOKUP($B397,[2]Time_S4!$B:$G,6,0) -> Phòng Hành chính | X397: =IF(W397="Phòng Kinh doanh","Trung tâm Kinh doanh - TCT CNC",+VLOOKUP($B397,[2]Time_S4!$B:$G,5,0)) -> Khối cơ quan - TCT CNC
A398: =SUBTOTAL(3,$B$15:B398) -> 2 | B398: 184793 | C398: Nguyễn Văn Thọ | D398: HDDH | E398: 21 | F398: 21 | G398: 55230072 | H398: =+G398-SUM(M398,O398,Q398) -> 53985360 | M398: 948352 | N398: 2074520 | O398: 177816 | P398: 355632 | Q398: 118544 | R398: 118544 | S398: 237088 | T398: 1230000 | U398: =+SUM(H398:T398) -> 59245856 | W398: =+VLOOKUP($B398,[2]Time_S4!$B:$G,6,0) -> Trung tâm Thông tin Quân sự | X398: =IF(W398="Phòng Kinh doanh","Trung tâm Kinh doanh - TCT CNC",+VLOOKUP($B398,[2]Time_S4!$B:$G,5,0)) -> Khối 1 - TCT CNC
A399: =SUBTOTAL(3,$B$15:B399) -> 2 | B399: 184814 | C399: Đinh Trọng Tình | D399: HDDH | E399: 21 | F399: 21 | G399: 34530496 | H399: =+G399-SUM(M399,O399,Q399) -> 33462856 | M399: 813440 | N399: 1779400 | O399: 152520 | P399: 305040 | Q399: 101680 | R399: 101680 | S399: 203360 | T399: 1030000 | U399: =+SUM(H399:T399) -> 37949976 | W399: =+VLOOKUP($B399,[2]Time_S4!$B:$G,6,0) -> Trung tâm Công nghệ Cơ khí - Tự động hóa | X399: =IF(W399="Phòng Kinh doanh","Trung tâm Kinh doanh - TCT CNC",+VLOOKUP($B399,[2]Time_S4!$B:$G,5,0)) -> Khối 1 - TCT CNC
A400: =SUBTOTAL(3,$B$15:B400) -> 2 | B400: 184815 | C400: Nguyễn Thanh Hải | D400: HDDH | E400: 21 | F400: 21 | G400: 19304042 | H400: =+G400-SUM(M400,O400,Q400) -> 18387434 | M400: 698368 | N400: 1527680 | O400: 130944 | P400: 261888 | Q400: 87296 | R400: 87296 | S400: 174592 | T400: 930000 | U400: =+SUM(H400:T400) -> 22285498 | W400: =+VLOOKUP($B400,[2]Time_S4!$B:$G,6,0) -> Phòng Đảm bảo hàng hóa | X400: =IF(W400="Phòng Kinh doanh","Trung tâm Kinh doanh - TCT CNC",+VLOOKUP($B400,[2]Time_S4!$B:$G,5,0)) -> Trung tâm Mua sắm - TCT CNC
A401: =SUBTOTAL(3,$B$15:B401) -> 2 | B401: 185175 | C401: Bùi Xuân Thắng | D401: QNCN | E401: 21 | F401: 21 | G401: 20344177 | H401: =+G401-SUM(M401,O401,Q401) -> 19044260 | M401: 1299917 | N401: 2843568 | O401: 0 | P401: 0 | Q401: 0 | R401: 0 | S401: 324979 | T401: 930000 | U401: =+SUM(H401:T401) -> 24442724 | W401: =+VLOOKUP($B401,[2]Time_S4!$B:$G,6,0) -> Trung tâm dịch vụ sau bán hàng | X401: =IF(W401="Phòng Kinh doanh","Trung tâm Kinh doanh - TCT CNC",+VLOOKUP($B401,[2]Time_S4!$B:$G,5,0)) -> Khối 1 - TCT CNC
A402: =SUBTOTAL(3,$B$15:B402) -> 2 | B402: 185197 | C402: Đinh Duy Mạnh | D402: SQ | E402: 21 | F402: 21 | G402: 38350100 | H402: =+G402-SUM(M402,O402,Q402) -> 37047188 | M402: 1302912 | N402: 2850120 | O402: 0 | P402: 0 | Q402: 0 | R402: 0 | S402: 325728 | T402: 1030000 | U402: =+SUM(H402:T402) -> 42555948 | W402: =+VLOOKUP($B402,[2]Time_S4!$B:$G,6,0) -> Trung tâm sản xuất | X402: =IF(W402="Phòng Kinh doanh","Trung tâm Kinh doanh - TCT CNC",+VLOOKUP($B402,[2]Time_S4!$B:$G,5,0)) -> Khối 1 - TCT CNC
A403: =SUBTOTAL(3,$B$15:B403) -> 2 | B403: 185253 | C403: Lê Xuân Thành | D403: SQ | E403: 21 | F403: 21 | G403: 38634444 | H403: =+G403-SUM(M403,O403,Q403) -> 37331532 | M403: 1302912 | N403: 2850120 | O403: 0 | P403: 0 | Q403: 0 | R403: 0 | S403: 325728 | T403: 1030000 | U403: =+SUM(H403:T403) -> 42840292 | W403: =+VLOOKUP($B403,[2]Time_S4!$B:$G,6,0) -> Trung tâm Rada | X403: =IF(W403="Phòng Kinh doanh","Trung tâm Kinh doanh - TCT CNC",+VLOOKUP($B403,[2]Time_S4!$B:$G,5,0)) -> Khối 1 - TCT CNC
... A1386: =SUBTOTAL(3,$B$15:B1386) -> 2 | B1386: 527994 | C1386: Vũ Quang Vinh | D1386: HDDH | E1386: 21 | F1386: 21 | G1386: 27714463 | H1386: =+G1386-SUM(M1386,O1386,Q1386) -> 26698903 | M1386: 773760 | N1386: 1692600 | O1386: 145080 | P1386: 290160 | Q1386: 96720 | R1386: 96720 | S1386: 193440 | T1386: 1030000 | U1386: =+SUM(H1386:T1386) -> 31017383 | W1386: =+VLOOKUP($B1386,[2]Time_S4!$B:$G,6,0) -> Trung tâm Quang điện tử | X1386: =IF(W1386="Phòng Kinh doanh","Trung tâm Kinh doanh - TCT CNC",+VLOOKUP($B1386,[2]Time_S4!$B:$G,5,0)) -> Khối 1 - TCT CNC
A1387: =SUBTOTAL(3,$B$15:B1387) -> 2 | H1387: =+G1387-SUM(M1387,O1387,Q1387) -> 0 | U1387: =+SUM(H1387:T1387) -> 0 | W1387: =+VLOOKUP($B1387,[2]Time_S4!$B:$G,6,0) -> #N/A | X1387: =IF(W1387="Phòng Kinh doanh","Trung tâm Kinh doanh - TCT CNC",+VLOOKUP($B1387,[2]Time_S4!$B:$G,5,0)) -> #N/A
A1388: =SUBTOTAL(3,$B$15:B1388) -> 2 | B1388: 130932 | C1388: Trương Tuấn Mạnh | D1388: TV | E1388: 21 | F1388: 21 | H1388: =+G1388-SUM(M1388,O1388,Q1388) -> 0 | K1388: 31404491 | T1388: 365000 | U1388: =+SUM(H1388:T1388) -> 31769491 | W1388: =+VLOOKUP($B1388,[2]Time_S4!$B:$G,6,0) -> Trung tâm Khí cụ bay | X1388: =IF(W1388="Phòng Kinh doanh","Trung tâm Kinh doanh - TCT CNC",+VLOOKUP($B1388,[2]Time_S4!$B:$G,5,0)) -> Khối 1 - TCT CNC
A1389: =SUBTOTAL(3,$B$15:B1389) -> 2 | B1389: 188493 | C1389: Trần Ngọc Thịnh | D1389: TV | E1389: 21 | F1389: 15 | H1389: =+G1389-SUM(M1389,O1389,Q1389) -> 0 | K1389: 23571617 | T1389: 260714 | U1389: =+SUM(H1389:T1389) -> 23832331 | W1389: =+VLOOKUP($B1389,[2]Time_S4!$B:$G,6,0) -> Trung tâm Thông tin Quân sự | X1389: =IF(W1389="Phòng Kinh doanh","Trung tâm Kinh doanh - TCT CNC",+VLOOKUP($B1389,[2]Time_S4!$B:$G,5,0)) -> Khối 1 - TCT CNC
A1390: =SUBTOTAL(3,$B$15:B1390) -> 2 | B1390: 428863 | C1390: Nguyễn Thị Thanh Huyền | D1390: TV | E1390: 21 | F1390: 21 | H1390: =+G1390-SUM(M1390,O1390,Q1390) -> 0 | K1390: 26037067 | T1390: 365000 | U1390: =+SUM(H1390:T1390) -> 26402067 | W1390: =+VLOOKUP($B1390,[2]Time_S4!$B:$G,6,0) -> Trung tâm Camera | X1390: =IF(W1390="Phòng Kinh doanh","Trung tâm Kinh doanh - TCT CNC",+VLOOKUP($B1390,[2]Time_S4!$B:$G,5,0)) -> Khối 3 - TCT CNC
A1391: =SUBTOTAL(3,$B$15:B1391) -> 2 | B1391: 439911 | C1391: Nguyễn Tiến Quân | D1391: TV | E1391: 21 | F1391: 20 | H1391: =+G1391-SUM(M1391,O1391,Q1391) -> 0 | K1391: 12574592 | T1391: 347619 | U1391: =+SUM(H1391:T1391) -> 12922211 | W1391: =+VLOOKUP($B1391,[2]Time_S4!$B:$G,6,0) -> Trung tâm Nghiên cứu giải pháp tích hợp công nghệ cao | X1391: =IF(W1391="Phòng Kinh doanh","Trung tâm Kinh doanh - TCT CNC",+VLOOKUP($B1391,[2]Time_S4!$B:$G,5,0)) -> Khối 1 - TCT CNC
A1392: =SUBTOTAL(3,$B$15:B1392) -> 2 | B1392: 447297 | C1392: Phạm Anh Quân | D1392: TV | E1392: 21 | F1392: 21 | H1392: =+G1392-SUM(M1392,O1392,Q1392) -> 0 | K1392: 15947496 | T1392: 365000 | U1392: =+SUM(H1392:T1392) -> 16312496 | W1392: =+VLOOKUP($B1392,[2]Time_S4!$B:$G,6,0) -> Trung tâm Nền tảng IOT | X1392: =IF(W1392="Phòng Kinh doanh","Trung tâm Kinh doanh - TCT CNC",+VLOOKUP($B1392,[2]Time_S4!$B:$G,5,0)) -> Khối 3 - TCT CNC
A1393: =SUBTOTAL(3,$B$15:B1393) -> 2 | B1393: 472151 | C1393: Trịnh Cao Cường | D1393: TV | E1393: 21 | F1393: 21 | H1393: =+G1393-SUM(M1393,O1393,Q1393) -> 0 | K1393: 11050000 | T1393: 365000 | U1393: =+SUM(H1393:T1393) -> 11415000 | W1393: =+VLOOKUP($B1393,[2]Time_S4!$B:$G,6,0) -> Trung tâm Nghiên cứu Công nghệ truyền dẫn | X1393: =IF(W1393="Phòng Kinh doanh","Trung tâm Kinh doanh - TCT CNC",+VLOOKUP($B1393,[2]Time_S4!$B:$G,5,0)) -> Khối 2 - TCT CNC
A1394: =SUBTOTAL(3,$B$15:B1394) -> 2 | B1394: 474099 | C1394: Đinh Hữu Thành | D1394: TN | E1394: 21 | F1394: 1 | H1394: =+G1394-SUM(M1394,O1394,Q1394) -> 0 | K1394: 190476 | T1394: 17381 | U1394: =+SUM(H1394:T1394) -> 207857 | W1394: =+VLOOKUP($B1394,[2]Time_S4!$B:$G,6,0) -> Trung tâm Nghiên cứu giải pháp tích hợp công nghệ cao | X1394: =IF(W1394="Phòng Kinh doanh","Trung tâm Kinh doanh - TCT CNC",+VLOOKUP($B1394,[2]Time_S4!$B:$G,5,0)) -> Khối 1 - TCT CNC
A1395: =SUBTOTAL(3,$B$15:B1395) -> 2 | B1395: 474105 | C1395: Nguyễn Quang Hòa | D1395: TN | E1395: 21 | F1395: 1 | H1395: =+G1395-SUM(M1395,O1395,Q1395) -> 0 | K1395: 190476 | T1395: 17381 | U1395: =+SUM(H1395:T1395) -> 207857 | W1395: =+VLOOKUP($B1395,[2]Time_S4!$B:$G,6,0) -> Trung tâm Thông tin Quân sự | X1395: =IF(W1395="Phòng Kinh doanh","Trung tâm Kinh doanh - TCT CNC",+VLOOKUP($B1395,[2]Time_S4!$B:$G,5,0)) -> Khối 1 - TCT CNC
A1396: =SUBTOTAL(3,$B$15:B1396) -> 2 | B1396: 474311 | C1396: Phạm Đại Cương | D1396: TN | E1396: 21 | F1396: 4 | H1396: =+G1396-SUM(M1396,O1396,Q1396) -> 0 | K1396: 761905 | T1396: 69524 | U1396: =+SUM(H1396:T1396) -> 831429 | W1396: =+VLOOKUP($B1396,[2]Time_S4!$B:$G,6,0) -> Trung tâm Khí cụ bay | X1396: =IF(W1396="Phòng Kinh doanh","Trung tâm Kinh doanh - TCT CNC",+VLOOKUP($B1396,[2]Time_S4!$B:$G,5,0)) -> Khối 1 - TCT CNC
A1397: =SUBTOTAL(3,$B$15:B1397) -> 2 | B1397: 474315 | C1397: Phạm Quang Minh | D1397: TN | E1397: 21 | F1397: 4 | H1397: =+G1397-SUM(M1397,O1397,Q1397) -> 0 | K1397: 761905 | T1397: 69524 | U1397: =+SUM(H1397:T1397) -> 831429 | W1397: =+VLOOKUP($B1397,[2]Time_S4!$B:$G,6,0) -> Trung tâm Khí cụ bay | X1397: =IF(W1397="Phòng Kinh doanh","Trung tâm Kinh doanh - TCT CNC",+VLOOKUP($B1397,[2]Time_S4!$B:$G,5,0)) -> Khối 1 - TCT CNC
A1398: =SUBTOTAL(3,$B$15:B1398) -> 2 | B1398: 474317 | C1398: Lê Quang Dương | D1398: TN | E1398: 21 | F1398: 4 | H1398: =+G1398-SUM(M1398,O1398,Q1398) -> 0 | K1398: 761905 | T1398: 69524 | U1398: =+SUM(H1398:T1398) -> 831429 | W1398: =+VLOOKUP($B1398,[2]Time_S4!$B:$G,6,0) -> Trung tâm Khí cụ bay | X1398: =IF(W1398="Phòng Kinh doanh","Trung tâm Kinh doanh - TCT CNC",+VLOOKUP($B1398,[2]Time_S4!$B:$G,5,0)) -> Khối 1 - TCT CNC
A1399: =SUBTOTAL(3,$B$15:B1399) -> 2 | B1399: 474443 | C1399: Đỗ Đức Mạnh | D1399: TN | E1399: 21 | F1399: 6 | H1399: =+G1399-SUM(M1399,O1399,Q1399) -> 0 | K1399: 1142857 | T1399: 104286 | U1399: =+SUM(H1399:T1399) -> 1247143 | W1399: =+VLOOKUP($B1399,[2]Time_S4!$B:$G,6,0) -> Trung tâm Chỉ huy điều khiển | X1399: =IF(W1399="Phòng Kinh doanh","Trung tâm Kinh doanh - TCT CNC",+VLOOKUP($B1399,[2]Time_S4!$B:$G,5,0)) -> Khối 1 - TCT CNC
... A1463: =SUBTOTAL(3,$B$15:B1463) -> 2 | B1463: 477925 | C1463: Đinh Nhật Tân | D1463: TV | E1463: 21 | F1463: 3 | H1463: =+G1463-SUM(M1463,O1463,Q1463) -> 0 | K1463: 1946444 | T1463: 52143 | U1463: =+SUM(H1463:T1463) -> 1998587 | W1463: =+VLOOKUP($B1463,[2]Time_S4!$B:$G,6,0) -> Trung tâm Đảm bảo chất lượng | X1463: =IF(W1463="Phòng Kinh doanh","Trung tâm Kinh doanh - TCT CNC",+VLOOKUP($B1463,[2]Time_S4!$B:$G,5,0)) -> Khối 1 - TCT CNC
A1464: =SUBTOTAL(3,$B$15:B1464) -> 2 | H1464: =+G1464-SUM(M1464,O1464,Q1464) -> 0 | U1464: =+SUM(H1464:T1464) -> 0 | W1464: =+VLOOKUP($B1464,[2]Time_S4!$B:$G,6,0) -> #N/A | X1464: =IF(W1464="Phòng Kinh doanh","Trung tâm Kinh doanh - TCT CNC",+VLOOKUP($B1464,[2]Time_S4!$B:$G,5,0)) -> #N/A
A1465: =SUBTOTAL(3,$B$15:B1465) -> 2 | B1465: 058985 | C1465: Lê Triều Dương | D1465: SQ | G1465: 41192509 | H1465: =+G1465-SUM(M1465,O1465,Q1465) -> 41192509 | T1465: 4304348 | U1465: =+SUM(H1465:T1465) -> 45496857 | W1465: =+VLOOKUP($B1465,[2]Time_S4!$B:$G,6,0) -> Ban Giám đốc | X1465: =IF(W1465="Phòng Kinh doanh","Trung tâm Kinh doanh - TCT CNC",+VLOOKUP($B1465,[2]Time_S4!$B:$G,5,0)) -> Khối cơ quan - TCT CNC
A1466: =SUBTOTAL(3,$B$15:B1466) -> 2 | B1466: 059034 | C1466: Nguyễn Mạnh Linh | D1466: SQ | G1466: 34589989 | H1466: =+G1466-SUM(M1466,O1466,Q1466) -> 34589989 | T1466: 1434783 | U1466: =+SUM(H1466:T1466) -> 36024772 | W1466: =+VLOOKUP($B1466,[2]Time_S4!$B:$G,6,0) -> Ban Giám đốc | X1466: =IF(W1466="Phòng Kinh doanh","Trung tâm Kinh doanh - TCT CNC",+VLOOKUP($B1466,[2]Time_S4!$B:$G,5,0)) -> Khối cơ quan - TCT CNC
A1467: =SUBTOTAL(3,$B$15:B1467) -> 2 | H1467: =+G1467-SUM(M1467,O1467,Q1467) -> 0 | U1467: =+SUM(H1467:T1467) -> 0 | W1467: =+VLOOKUP($B1467,[2]Time_S4!$B:$G,6,0) -> #N/A | X1467: =IF(W1467="Phòng Kinh doanh","Trung tâm Kinh doanh - TCT CNC",+VLOOKUP($B1467,[2]Time_S4!$B:$G,5,0)) -> #N/A
A1468: =SUBTOTAL(3,$B$15:B1468) -> 2 | B1468: 091256 | C1468: Nguyễn Thị Duyên | D1468: SQ | H1468: =+G1468-SUM(M1468,O1468,Q1468) -> -3920717 | M1468: 3920717 | U1468: =+SUM(H1468:T1468) -> 0 | W1468: =+VLOOKUP($B1468,[2]Time_S4!$B:$G,6,0) -> Phòng Chính trị | X1468: =IF(W1468="Phòng Kinh doanh","Trung tâm Kinh doanh - TCT CNC",+VLOOKUP($B1468,[2]Time_S4!$B:$G,5,0)) -> Khối cơ quan - TCT CNC
A1469: =SUBTOTAL(3,$B$15:B1469) -> 2 | H1469: =+G1469-SUM(M1469,O1469,Q1469) -> 0 | U1469: =+SUM(H1469:T1469) -> 0
A1470: =SUBTOTAL(3,$B$15:B1470) -> 2 | H1470: =+G1470-SUM(M1470,O1470,Q1470) -> 0 | U1470: =+SUM(H1470:T1470) -> 0
A1471: =SUBTOTAL(3,$B$15:B1471) -> 2 | H1471: =+G1471-SUM(M1471,O1471,Q1471) -> 0 | U1471: =+SUM(H1471:T1471) -> 0
A1472: =SUBTOTAL(3,$B$15:B1472) -> 2 | H1472: =+G1472-SUM(M1472,O1472,Q1472) -> 0 | U1472: =+SUM(H1472:T1472) -> 0
A1473: =SUBTOTAL(3,$B$15:B1473) -> 2 | H1473: =+G1473-SUM(M1473,O1473,Q1473) -> 0 | U1473: =+SUM(H1473:T1473) -> 0
A1474: =SUBTOTAL(3,$B$15:B1474) -> 2 | H1474: =+G1474-SUM(M1474,O1474,Q1474) -> 0 | U1474: =+SUM(H1474:T1474) -> 0
A1475: =SUBTOTAL(3,$B$15:B1475) -> 2 | H1475: =+G1475-SUM(M1475,O1475,Q1475) -> 0 | U1475: =+SUM(H1475:T1475) -> 0
A1476: =SUBTOTAL(3,$B$15:B1476) -> 2 | H1476: =+G1476-SUM(M1476,O1476,Q1476) -> 0 | U1476: =+SUM(H1476:T1476) -> 0
A1477: =SUBTOTAL(3,$B$15:B1477) -> 2 | H1477: =+G1477-SUM(M1477,O1477,Q1477) -> 0 | U1477: =+SUM(H1477:T1477) -> 0
A1478: =SUBTOTAL(3,$B$15:B1478) -> 2 | H1478: =+G1478-SUM(M1478,O1478,Q1478) -> 0 | U1478: =+SUM(H1478:T1478) -> 0
A1479: =SUBTOTAL(3,$B$15:B1479) -> 2 | H1479: =+G1479-SUM(M1479,O1479,Q1479) -> 0 | U1479: =+SUM(H1479:T1479) -> 0
A1480: =SUBTOTAL(3,$B$15:B1480) -> 2 | H1480: =+G1480-SUM(M1480,O1480,Q1480) -> 0 | U1480: =+SUM(H1480:T1480) -> 0
... A1494: =SUBTOTAL(3,$B$15:B1494) -> 2 | H1494: =+G1494-SUM(M1494,O1494,Q1494) -> 0 | U1494: =+SUM(H1494:T1494) -> 0
A1495: =SUBTOTAL(3,$B$15:B1495) -> 2 | H1495: =+G1495-SUM(M1495,O1495,Q1495) -> 0 | U1495: =SUM(H1495:T1495) -> 0
A1496: =SUBTOTAL(3,$B$15:B1496) -> 2 | H1496: =+G1496-SUM(M1496,O1496,Q1496) -> 0 | U1496: =SUM(H1496:T1496) -> 0
A1497: =SUBTOTAL(3,$B$15:B1497) -> 2 | H1497: =+G1497-SUM(M1497,O1497,Q1497) -> 0 | U1497: =SUM(H1497:T1497) -> 0
A1498: =SUBTOTAL(3,$B$15:B1498) -> 2 | H1498: =+G1498-SUM(M1498,O1498,Q1498) -> 0 | U1498: =SUM(H1498:T1498) -> 0
A1499: =SUBTOTAL(3,$B$15:B1499) -> 2 | H1499: =+G1499-SUM(M1499,O1499,Q1499) -> 0 | U1499: =SUM(H1499:T1499) -> 0
A1500: =SUBTOTAL(3,$B$15:B1500) -> 2 | H1500: =+G1500-SUM(M1500,O1500,Q1500) -> 0 | U1500: =SUM(H1500:T1500) -> 0
A1501: =SUBTOTAL(3,$B$15:B1501) -> 2 | H1501: =+G1501-SUM(M1501,O1501,Q1501) -> 0 | U1501: =SUM(H1501:T1501) -> 0
A1502: =SUBTOTAL(3,$B$15:B1502) -> 2 | H1502: =+G1502-SUM(M1502,O1502,Q1502) -> 0 | U1502: =SUM(H1502:T1502) -> 0
A1503: =SUBTOTAL(3,$B$15:B1503) -> 2 | H1503: =+G1503-SUM(M1503,O1503,Q1503) -> 0 | U1503: =SUM(H1503:T1503) -> 0
A1504: =SUBTOTAL(3,$B$15:B1504) -> 2 | H1504: =+G1504-SUM(M1504,O1504,Q1504) -> 0 | U1504: =SUM(H1504:T1504) -> 0
A1505: =SUBTOTAL(3,$B$15:B1505) -> 2 | H1505: =+G1505-SUM(M1505,O1505,Q1505) -> 0 | U1505: =SUM(H1505:T1505) -> 0
...

Sheet BM0.Bang cong thang import
D1: => Chuyển thành số để import
A3: 04. Đơn vị cấp 4 | B3: 05. Đơn vị cấp 5 (F) | C3: ID cá nhân | D3: Tên đầy đủ | E3: 01 | F3: 02 | G3: 03 | H3: 04 | I3: 05 | J3: 06 | K3: 07 | L3: 08 | M3: 09 | N3: 10 | O3: 11 | P3: 12 | Q3: 13 | R3: 14 | S3: 15 | T3: 16 | U3: 17 | V3: 18 | W3: 19 | X3: 20 | Y3: 21 | Z3: 22 | AA3: 23 | AB3: 24 | AC3: 25 | AD3: 26 | AE3: 27 | AF3: 28 | AG3: 29 | AH3: 30 | AI3: 31 | AJ3: Ngày công chế độ | AK3: Ngày công thực tế | AL3: Công nghỉ phép | AM3: Công nghỉ việc riêng có hưởng lương | AN3: Công tính lương
A4: Khối 1 - TCT CNC - 9013948 | B4: Ban Giám đốc Khối - 9014043 | C4: 087233 | D4: Dương Anh Trà | F4: X:8 | G4: X:8 | H4: X:8 | I4: X:8 | J4: X:8 | M4: X:8 | N4: X:8 | O4: X:8 | P4: X:8 | Q4: X:8 | T4: X:8 | U4: X:8 | V4: X:8 | W4: X:8 | X4: X:8 | AA4: X:8 | AB4: X:8 | AC4: X:8 | AD4: X:8 | AE4: X:8 | AH4: X:8 | AJ4: 21 | AK4: 21 | AL4: 0 | AM4: 0 | AN4: 21
A5: Khối 1 - TCT CNC - 9013948 | B5: Ban Giám đốc Khối - 9014043 | C5: 059526 | D5: Trần Vũ Hợp | F5: X:8 | G5: X:8 | H5: X:8 | I5: X:8 | J5: X:8 | M5: X:8 | N5: X:8 | O5: X:8 | P5: X:8 | Q5: X:8 | T5: X:8 | U5: X:8 | V5: X:8 | W5: X:8 | X5: X:8 | AA5: X:8 | AB5: X:8 | AC5: X:8 | AD5: X:8 | AE5: X:8 | AH5: X:8 | AJ5: 21 | AK5: 21 | AL5: 0 | AM5: 0 | AN5: 21
A6: Khối 1 - TCT CNC - 9013948 | B6: Phòng Kinh doanh - 9033765 | C6: 206277 | D6: Nguyễn Hoàng Việt | F6: X:8 | G6: X:8 | H6: X:8 | I6: X:8 | J6: X:8 | M6: X:8 | N6: X:8 | O6: X:8 | P6: X:8 | Q6: X:8 | T6: X:8 | U6: X:8 | V6: X:8 | W6: X:8 | X6: X:8 | AA6: X:8 | AB6: X:8 | AC6: X:8 | AD6: X:8 | AE6: X:8 | AH6: X:8 | AJ6: 21 | AK6: 21 | AL6: 0 | AM6: 0 | AN6: 21
A7: Khối 1 - TCT CNC - 9013948 | B7: Phòng Kinh doanh - 9033765 | C7: 074176 | D7: Nguyễn Đình Thắng | F7: X:8 | G7: X:8 | H7: X:8 | I7: X:8 | J7: X:8 | M7: X:8 | N7: X:8 | O7: X:8 | P7: X:8 | Q7: X:8 | T7: X:8 | U7: X:8 | V7: X:8 | W7: X:8 | X7: X:8 | AA7: X:8 | AB7: X:8 | AC7: X:8 | AD7: X:8 | AE7: X:8 | AH7: X:8 | AJ7: 21 | AK7: 21 | AL7: 0 | AM7: 0 | AN7: 21
A8: Khối 1 - TCT CNC - 9013948 | B8: Phòng Kinh doanh - 9033765 | C8: 001615 | D8: Đỗ Đức Ánh | F8: X:8 | G8: X:8 | H8: X:8 | I8: X:8 | J8: X:8 | M8: X:8 | N8: X:8 | O8: X:8 | P8: X:8 | Q8: X:8 | T8: X:8 | U8: X:8 | V8: X:8 | W8: X:8 | X8: X:8 | AA8: X:8 | AB8: X:8 | AC8: X:8 | AD8: X:8 | AE8: X:8 | AH8: X:8 | AJ8: 21 | AK8: 21 | AL8: 0 | AM8: 0 | AN8: 21
A9: Khối 1 - TCT CNC - 9013948 | B9: Phòng Kiểu dáng và đồ họa - 9033773 | C9: 269742 | D9: Chu Trọng Kiên | F9: X:8 | G9: P:8 | H9: X:8 | I9: X:8 | J9: X:8 | M9: X:8 | N9: X:8 | O9: X:8 | P9: X:8 | Q9: X:8 | T9: X:8 | U9: X:8 | V9: X:8 | W9: X:8 | X9: X:8 | AA9: X:8 | AB9: X:8 | AC9: X:8 | AD9: X:8 | AE9: X:8 | AH9: X:8 | AJ9: 21 | AK9: 20 | AL9: 1 | AM9: 0 | AN9: 21
A10: Khối 1 - TCT CNC - 9013948 | B10: Phòng Kiểu dáng và đồ họa - 9033773 | C10: 210043 | D10: Hoàng Thu Trang | F10: X:8 | G10: X:8 | H10: X:8 | I10: X:8 | J10: X:8 | M10: X:8 | N10: X:8 | O10: DL:8 | P10: DL:8 | Q10: DL:8 | T10: X:8 | U10: X:8 | V10: X:8 | W10: X:8 | X10: X:8 | AA10: X:8 | AB10: X:8 | AC10: X:8 | AD10: X:8 | AE10: X:8 | AH10: X:8 | AJ10: 21 | AK10: 21 | AL10: 0 | AM10: 0 | AN10: 21
A11: Khối 1 - TCT CNC - 9013948 | B11: Phòng Kiểu dáng và đồ họa - 9033773 | C11: 176234 | D11: Lê Minh Quang | F11: X:8 | G11: X:8 | H11: X:8 | I11: X:8 | J11: X:8 | M11: X:8 | N11: X:8 | O11: X:8 | P11: X:8 | Q11: X:8 | T11: X:8 | U11: X:8 | V11: X:8 | W11: X:8 | X11: X:8 | AA11: X:8 | AB11: X:8 | AC11: X:8 | AD11: X:8 | AE11: X:8 | AH11: X:8 | AJ11: 21 | AK11: 21 | AL11: 0 | AM11: 0 | AN11: 21
A12: Khối 1 - TCT CNC - 9013948 | B12: Phòng Kiểu dáng và đồ họa - 9033773 | C12: 293213 | D12: Lê Ngọc Anh | F12: X:8 | G12: X:8 | H12: X:8 | I12: X:8 | J12: X:8 | M12: X:8 | N12: X:8 | O12: X:8 | P12: X:8 | Q12: X:8 | T12: X:8 | U12: X:8 | V12: X:8 | W12: X:8 | X12: X:8 | AA12: X:8 | AB12: X:8 | AC12: X:8 | AD12: X:8 | AE12: X:8 | AH12: X:8 | AJ12: 21 | AK12: 21 | AL12: 0 | AM12: 0 | AN12: 21
A13: Khối 1 - TCT CNC - 9013948 | B13: Phòng Kiểu dáng và đồ họa - 9033773 | C13: 204896 | D13: Nguyễn Ngọc Hiệp | F13: X:8 | G13: X:8 | H13: X:8 | I13: X:8 | J13: X:8 | M13: X:8 | N13: X:8 | O13: X:8 | P13: X:8 | Q13: X:8 | T13: X:8 | U13: X:8 | V13: X:8 | W13: X:8 | X13: X:8 | AA13: X:8 | AB13: X:8 | AC13: X:8 | AD13: X:8 | AE13: X:8 | AH13: P:8 | AJ13: 21 | AK13: 20 | AL13: 1 | AM13: 0 | AN13: 21
A14: Khối 1 - TCT CNC - 9013948 | B14: Phòng Kiểu dáng và đồ họa - 9033773 | C14: 243250 | D14: Nguyễn Thùy Tiên | F14: X:8 | G14: X:8 | H14: X:8 | I14: X:8 | J14: X:8 | M14: X:8 | N14: X:8 | O14: DL:8 | P14: DL:8 | Q14: DL:8 | T14: X:8 | U14: X:8 | V14: X:8 | W14: X:8 | X14: X:8 | AA14: X:8 | AB14: X:8 | AC14: X:8 | AD14: X:8 | AE14: X:8 | AH14: X:8 | AJ14: 21 | AK14: 21 | AL14: 0 | AM14: 0 | AN14: 21
A15: Khối 1 - TCT CNC - 9013948 | B15: Phòng Kiểu dáng và đồ họa - 9033773 | C15: 251479 | D15: Nguyễn Việt Hà | F15: X:8 | G15: X:8 | H15: X:8 | I15: X:8 | J15: X:8 | M15: X:8 | N15: X:8 | O15: X:8 | P15: X:8 | Q15: X:8 | T15: X:8 | U15: X:8 | V15: X:8 | W15: X:8 | X15: X:8 | AA15: X:8 | AB15: X:8 | AC15: X:8 | AD15: X:8 | AE15: X:8 | AH15: X:8 | AJ15: 21 | AK15: 21 | AL15: 0 | AM15: 0 | AN15: 21
... A25: Khối 1 - TCT CNC - 9013948 | B25: Phòng Kiểu dáng và đồ họa - 9033773 | C25: 095099 | D25: Đặng Lưu Hạnh | F25: X:8 | G25: X:8 | H25: X:8 | I25: X:8 | J25: X:8 | M25: X:8 | N25: X:8 | O25: X:8 | P25: X:8 | Q25: P:8 | T25: X:8 | U25: X:8 | V25: X:8 | W25: X:8 | X25: X:8 | AA25: X:8 | AB25: X:8 | AC25: X:8 | AD25: X:8 | AE25: X:8 | AH25: X:8 | AJ25: 21 | AK25: 20 | AL25: 1 | AM25: 0 | AN25: 21
A26: Khối 1 - TCT CNC - 9013948 | B26: Phòng Kiểu dáng và đồ họa - 9033773 | C26: 441035 | D26: Đỗ Ngọc Phi Long | F26: X:8 | G26: X:8 | H26: X:8 | I26: X:8 | J26: X:8 | M26: X:8 | N26: X:8 | O26: X:8 | P26: X:8 | Q26: X:8 | AJ26: 21 | AK26: 10 | AL26: 0 | AM26: 0 | AN26: 10
A27: Khối 1 - TCT CNC - 9013948 | B27: Phòng Kiểu dáng và đồ họa - 9033773 | C27: 290432 | D27: Đỗ Việt Trung | F27: X:8 | G27: X:8 | H27: X:8 | I27: X:8 | J27: X:8 | M27: X:8 | N27: X:8 | O27: X:8 | P27: X:8 | Q27: X:8 | T27: X:8 | U27: X:8 | V27: X:8 | W27: X:8 | X27: X:8 | AA27: X:8 | AB27: X:8 | AC27: X:8 | AD27: X:8 | AE27: X:4; P:4 | AH27: X:8 | AJ27: 21 | AK27: 20.5 | AL27: 0.5 | AM27: 0 | AN27: 21
A28: Khối 1 - TCT CNC - 9013948 | B28: Phòng Tổng hợp - 9014098 | C28: 056957 | D28: Hoàng Thị Kim Thoa | F28: X:8 | G28: X:8 | H28: X:8 | I28: X:8 | J28: X:8 | M28: X:8 | N28: X:8 | O28: X:8 | P28: X:8 | Q28: X:8 | T28: P:8 | U28: P:8 | V28: X:8 | W28: X:8 | X28: X:8 | AA28: X:8 | AB28: X:8 | AC28: X:8 | AD28: X:8 | AE28: X:8 | AH28: X:8 | AJ28: 21 | AK28: 19 | AL28: 2 | AM28: 0 | AN28: 21
A29: Khối 1 - TCT CNC - 9013948 | B29: Phòng Tổng hợp - 9014098 | C29: 045097 | D29: Hoàng Thị Nga | F29: P:8 | G29: P:8 | H29: P:8 | I29: X:8 | J29: X:8 | M29: X:8 | N29: X:8 | O29: X:8 | P29: X:8 | Q29: X:8 | T29: X:8 | U29: X:8 | V29: X:8 | W29: X:8 | X29: X:8 | AA29: X:8 | AB29: X:8 | AC29: X:8 | AD29: X:8 | AE29: X:8 | AH29: X:8 | AJ29: 21 | AK29: 18 | AL29: 3 | AM29: 0 | AN29: 21
A30: Khối 1 - TCT CNC - 9013948 | B30: Phòng Tổng hợp - 9014098 | C30: 016049 | D30: Lê Thị Út Lan | F30: P:8 | G30: X:8 | H30: X:8 | I30: X:8 | J30: X:8 | M30: X:8 | N30: X:8 | O30: X:8 | P30: X:8 | Q30: X:8 | T30: X:8 | U30: X:8 | V30: X:8 | W30: X:8 | X30: X:8 | AA30: X:8 | AB30: X:8 | AC30: X:8 | AD30: X:8 | AE30: X:8 | AH30: X:8 | AJ30: 21 | AK30: 20 | AL30: 1 | AM30: 0 | AN30: 21
A31: Khối 1 - TCT CNC - 9013948 | B31: Phòng Tổng hợp - 9014098 | C31: 204945 | D31: Lương Mỹ Linh | F31: DS:8 | G31: DS:8 | H31: DS:8 | I31: DS:8 | J31: DS:8 | M31: X:8 | N31: X:8 | O31: X:8 | P31: X:8 | Q31: X:8 | T31: X:8 | U31: X:8 | V31: X:8 | W31: P:8 | X31: X:8 | AA31: X:8 | AB31: X:8 | AC31: X:8 | AD31: X:8 | AE31: X:8 | AH31: X:8 | AJ31: 21 | AK31: 15 | AL31: 1 | AM31: 0 | AN31: 16
A32: Khối 1 - TCT CNC - 9013948 | B32: Phòng Tổng hợp - 9014098 | C32: 284785 | D32: Mai Thu Hà | F32: DS:8 | G32: DS:8 | H32: DS:8 | I32: DS:8 | J32: DS:8 | M32: X:8 | N32: X:8 | O32: X:8 | P32: X:8 | Q32: P:8 | T32: X:8 | U32: X:8 | V32: X:8 | W32: X:8 | X32: X:8 | AA32: X:8 | AB32: X:8 | AC32: X:8 | AD32: X:8 | AE32: X:8 | AH32: X:8 | AJ32: 21 | AK32: 15 | AL32: 1 | AM32: 0 | AN32: 16
A33: Khối 1 - TCT CNC - 9013948 | B33: Phòng Tổng hợp - 9014098 | C33: 137168 | D33: Nguyễn Hương Giang | F33: X:8 | G33: X:8 | H33: X:8 | I33: X:8 | J33: X:8 | M33: X:8 | N33: X:8 | O33: X:8 | P33: X:8 | Q33: X:8 | T33: X:8 | U33: X:8 | V33: X:8 | W33: X:8 | X33: X:8 | AA33: X:8 | AB33: X:8 | AC33: X:8 | AD33: X:8 | AE33: X:8 | AH33: X:8 | AJ33: 21 | AK33: 21 | AL33: 0 | AM33: 0 | AN33: 21
A34: Khối 1 - TCT CNC - 9013948 | B34: Phòng Tổng hợp - 9014098 | C34: 118760 | D34: Nguyễn Thị Linh | F34: X:8 | G34: X:8 | H34: X:8 | I34: X:8 | J34: X:8 | M34: X:8 | N34: DL:8 | O34: DL:8 | P34: DL:8 | Q34: P:8 | T34: X:8 | U34: X:8 | V34: X:8 | W34: X:8 | X34: X:8 | AA34: X:8 | AB34: X:8 | AC34: X:8 | AD34: X:8 | AE34: X:8 | AH34: X:8 | AJ34: 21 | AK34: 20 | AL34: 1 | AM34: 0 | AN34: 21
A35: Khối 1 - TCT CNC - 9013948 | B35: Phòng Tổng hợp - 9014098 | C35: 185613 | D35: Nguyễn Thị Phương Anh | F35: X:8 | G35: X:8 | H35: X:8 | I35: X:8 | J35: X:8 | M35: X:8 | N35: X:8 | O35: P:8 | P35: P:8 | Q35: P:8 | T35: X:8 | U35: X:8 | V35: X:8 | W35: X:8 | X35: X:8 | AA35: X:8 | AB35: X:8 | AC35: X:8 | AD35: X:8 | AE35: X:8 | AH35: X:8 | AJ35: 21 | AK35: 18 | AL35: 3 | AM35: 0 | AN35: 21
A36: Khối 1 - TCT CNC - 9013948 | B36: Phòng Tổng hợp - 9014098 | C36: 063770 | D36: Trương Thị Thùy Dung | F36: TS:8 | G36: TS:8 | H36: TS:8 | I36: TS:8 | J36: TS:8 | M36: TS:8 | N36: TS:8 | O36: TS:8 | P36: TS:8 | Q36: TS:8 | T36: TS:8 | U36: TS:8 | V36: TS:8 | W36: TS:8 | X36: TS:8 | AA36: TS:8 | AB36: TS:8 | AC36: TS:8 | AD36: DS:8 | AE36: DS:8 | AH36: DS:8 | AJ36: 21 | AK36: 0 | AL36: 0 | AM36: 0 | AN36: 0
A37: Khối 1 - TCT CNC - 9013948 | B37: Phòng Tổng hợp - 9014098 | C37: 108598 | D37: Tống Thị Thùy Linh | F37: X:8 | G37: X:8 | H37: X:8 | I37: X:8 | J37: X:8 | M37: X:8 | N37: X:8 | O37: X:8 | P37: X:8 | Q37: X:8 | T37: X:8 | U37: X:8 | V37: X:8 | W37: X:8 | X37: X:8 | AA37: X:8 | AB37: X:8 | AC37: X:8 | AD37: X:8 | AE37: X:8 | AH37: X:8 | AJ37: 21 | AK37: 21 | AL37: 0 | AM37: 0 | AN37: 21
A38: Khối 1 - TCT CNC - 9013948 | B38: Phòng Tổng hợp - 9014098 | C38: 004040 | D38: Vũ Thị Dương Hùng Hoàn | F38: X:8 | G38: X:8 | H38: X:8 | I38: X:8 | J38: X:8 | M38: X:8 | N38: X:8 | O38: X:8 | P38: X:8 | Q38: X:8 | T38: X:8 | U38: X:8 | V38: X:8 | W38: X:8 | X38: X:8 | AA38: X:8 | AB38: X:8 | AC38: X:8 | AD38: X:8 | AE38: X:8 | AH38: X:8 | AJ38: 21 | AK38: 21 | AL38: 0 | AM38: 0 | AN38: 21
... A62: Khối 1 - TCT CNC - 9013948 | B62: Trung tâm Chỉ huy điều khiển - 9014071 | C62: 467403 | D62: Nguyễn Quang Huy | F62: X:8 | G62: X:8 | H62: X:8 | I62: X:8 | J62: X:8 | M62: X:8 | N62: X:8 | O62: X:8 | P62: X:8 | Q62: X:8 | T62: X:8 | U62: X:8 | V62: X:8 | W62: X:8 | X62: X:8 | AA62: X:8 | AB62: X:8 | AC62: X:8 | AD62: X:8 | AE62: X:8 | AH62: X:8 | AJ62: 21 | AK62: 21 | AL62: 0 | AM62: 0 | AN62: 21
A63: Khối 1 - TCT CNC - 9013948 | B63: Trung tâm Chỉ huy điều khiển - 9014071 | C63: 447101 | D63: Nguyễn Thanh Sang | AJ63: 21 | AK63: 2 | AL63: 0 | AM63: 0 | AN63: 2
A64: Khối 1 - TCT CNC - 9013948 | B64: Trung tâm Chỉ huy điều khiển - 9014071 | C64: 247601 | D64: Nguyễn Thị Mai | F64: X:8 | G64: X:8 | H64: DL:8 | I64: DL:8 | J64: DL:8 | M64: X:8 | N64: X:8 | O64: X:8 | P64: X:8 | Q64: X:8 | T64: X:8 | U64: X:8 | V64: X:8 | W64: X:8 | X64: X:8 | AA64: X:8 | AB64: X:8 | AC64: X:8 | AD64: X:8 | AE64: X:8 | AH64: X:8 | AJ64: 21 | AK64: 21 | AL64: 0 | AM64: 0 | AN64: 21
A65: Khối 1 - TCT CNC - 9013948 | B65: Trung tâm Chỉ huy điều khiển - 9014071 | C65: 087316 | D65: Nguyễn Thị Thùy Linh | F65: X:8 | G65: X:8 | H65: DL:8 | I65: DL:8 | J65: DL:8 | M65: X:8 | N65: X:8 | O65: X:8 | P65: X:8 | Q65: X:8 | T65: X:8 | U65: X:8 | V65: X:8 | W65: X:8 | X65: X:8 | AA65: X:8 | AB65: X:8 | AC65: X:8 | AD65: X:8 | AE65: X:8 | AH65: X:8 | AJ65: 21 | AK65: 21 | AL65: 0 | AM65: 0 | AN65: 21
A66: Khối 1 - TCT CNC - 9013948 | B66: Trung tâm Chỉ huy điều khiển - 9014071 | C66: 458501 | D66: Nguyễn Việt Hoàng | F66: X:8 | G66: X:8 | H66: DL:8 | I66: DL:8 | J66: DL:8 | M66: X:8 | N66: X:8 | O66: X:8 | P66: X:8 | Q66: X:8 | T66: X:8 | U66: X:8 | V66: X:8 | W66: X:8 | X66: X:8 | AA66: X:8 | AB66: X:8 | AC66: X:8 | AD66: X:8 | AE66: X:8 | AH66: X:8 | AJ66: 21 | AK66: 21 | AL66: 0 | AM66: 0 | AN66: 21
A67: Khối 1 - TCT CNC - 9013948 | B67: Trung tâm Chỉ huy điều khiển - 9014071 | C67: 194533 | D67: Nguyễn Văn Cương | F67: X:8 | G67: X:8 | H67: DL:8 | I67: DL:8 | J67: DL:8 | M67: X:8 | N67: X:8 | O67: X:8 | P67: X:8 | Q67: X:8 | T67: X:8 | U67: X:8 | V67: X:8 | W67: X:8 | X67: X:8 | AA67: X:8 | AB67: X:8 | AC67: X:8 | AD67: X:8 | AE67: X:8 | AH67: X:8 | AJ67: 21 | AK67: 21 | AL67: 0 | AM67: 0 | AN67: 21
A68: Khối 1 - TCT CNC - 9013948 | B68: Trung tâm Chỉ huy điều khiển - 9014071 | C68: 225347 | D68: Nguyễn Văn Hoàng | F68: P:8 | G68: X:8 | H68: DL:8 | I68: DL:8 | J68: DL:8 | M68: X:8 | N68: X:8 | O68: X:8 | P68: X:8 | Q68: X:8 | T68: X:8 | U68: P:8 | V68: X:8 | W68: X:8 | X68: X:8 | AA68: X:8 | AB68: X:8 | AC68: X:8 | AD68: X:8 | AE68: X:8 | AH68: X:8 | AJ68: 21 | AK68: 19 | AL68: 2 | AM68: 0 | AN68: 21
A69: Khối 1 - TCT CNC - 9013948 | B69: Trung tâm Chỉ huy điều khiển - 9014071 | C69: 207638 | D69: Nguyễn Văn Tuấn | F69: X:8 | G69: X:8 | H69: DL:8 | I69: DL:8 | J69: DL:8 | M69: X:8 | N69: X:8 | O69: X:8 | P69: X:8 | Q69: X:8 | T69: X:8 | U69: X:8 | V69: X:8 | W69: X:8 | X69: X:8 | AA69: X:8 | AB69: X:8 | AC69: X:8 | AD69: X:8 | AE69: X:8 | AH69: X:8 | AJ69: 21 | AK69: 21 | AL69: 0 | AM69: 0 | AN69: 21
A70: Khối 1 - TCT CNC - 9013948 | B70: Trung tâm Chỉ huy điều khiển - 9014071 | C70: 121263 | D70: Nguyễn Đình Việt | F70: X:8 | G70: X:8 | H70: DL:8 | I70: DL:8 | J70: DL:8 | M70: X:8 | N70: X:8 | O70: X:8 | P70: X:8 | Q70: X:8 | T70: X:8 | U70: X:8 | V70: X:8 | W70: X:8 | X70: X:8 | AA70: X:8 | AB70: X:8 | AC70: X:8 | AD70: X:8 | AE70: X:8 | AH70: X:8 | AJ70: 21 | AK70: 21 | AL70: 0 | AM70: 0 | AN70: 21
A71: Khối 1 - TCT CNC - 9013948 | B71: Trung tâm Chỉ huy điều khiển - 9014071 | C71: 450245 | D71: Nguyễn Đắc Tú | F71: X:8 | G71: X:8 | H71: DL:8 | I71: DL:8 | J71: DL:8 | M71: X:8 | N71: X:8 | O71: X:8 | P71: X:8 | Q71: X:8 | T71: X:8 | U71: X:8 | V71: X:8 | W71: X:8 | X71: X:8 | AA71: X:8 | AB71: X:8 | AC71: X:8 | AD71: X:8 | AE71: X:8 | AH71: X:8 | AJ71: 21 | AK71: 21 | AL71: 0 | AM71: 0 | AN71: 21
A72: Khối 1 - TCT CNC - 9013948 | B72: Trung tâm Chỉ huy điều khiển - 9014071 | C72: 463853 | D72: Nguyễn Đức Toàn | F72: X:8 | G72: X:8 | H72: DL:8 | I72: DL:8 | J72: DL:8 | M72: X:8 | N72: X:8 | O72: X:8 | P72: X:8 | Q72: X:8 | T72: X:8 | U72: X:8 | V72: P:8 | W72: X:8 | X72: X:8 | AA72: X:8 | AB72: X:8 | AC72: X:8 | AD72: X:8 | AE72: X:8 | AH72: X:8 | AJ72: 21 | AK72: 20 | AL72: 1 | AM72: 0 | AN72: 21
A73: Khối 1 - TCT CNC - 9013948 | B73: Trung tâm Chỉ huy điều khiển - 9014071 | C73: 427395 | D73: Ngô Thiên Phú | F73: X:8 | G73: X:8 | H73: DL:8 | I73: DL:8 | J73: DL:8 | M73: X:8 | N73: X:8 | O73: X:8 | P73: X:8 | Q73: X:8 | T73: X:8 | U73: X:8 | V73: X:8 | W73: X:8 | X73: X:8 | AA73: X:8 | AB73: X:8 | AC73: X:8 | AD73: X:8 | AE73: X:8 | AH73: X:8 | AJ73: 21 | AK73: 21 | AL73: 0 | AM73: 0 | AN73: 21
A74: Khối 1 - TCT CNC - 9013948 | B74: Trung tâm Chỉ huy điều khiển - 9014071 | C74: 467319 | D74: Ngô Văn Tuấn | F74: X:8 | G74: X:8 | H74: DL:8 | I74: DL:8 | J74: DL:8 | M74: X:8 | N74: X:8 | O74: X:8 | P74: X:8 | Q74: X:8 | T74: X:8 | U74: X:8 | V74: X:8 | W74: X:8 | X74: X:8 | AA74: X:8 | AB74: X:8 | AC74: X:8 | AD74: X:8 | AE74: X:8 | AH74: X:8 | AJ74: 21 | AK74: 21 | AL74: 0 | AM74: 0 | AN74: 21
A75: Khối 1 - TCT CNC - 9013948 | B75: Trung tâm Chỉ huy điều khiển - 9014071 | C75: 205228 | D75: Ngô Đình Nguyên | F75: X:8 | G75: X:8 | H75: X:8 | I75: DL:8 | J75: DL:8 | M75: X:8 | N75: X:8 | O75: X:8 | P75: X:8 | Q75: X:8 | T75: X:8 | U75: X:8 | V75: X:8 | W75: X:8 | X75: X:8 | AA75: X:8 | AB75: X:8 | AC75: X:8 | AD75: X:8 | AE75: X:8 | AH75: X:8 | AJ75: 21 | AK75: 21 | AL75: 0 | AM75: 0 | AN75: 21
... A109: Khối 1 - TCT CNC - 9013948 | B109: Trung tâm Công nghệ Cơ khí - Tự động hóa - 9033768 | C109: 428604 | D109: Dương Mạnh Thắng | F109: X:8 | G109: X:8 | H109: X:8 | I109: X:8 | J109: X:8 | M109: X:8 | N109: X:8 | O109: X:8 | P109: X:8 | Q109: X:8 | T109: X:8 | U109: X:8 | V109: X:8 | W109: X:8 | X109: X:8 | AA109: X:8 | AB109: X:8 | AC109: X:8 | AD109: X:8 | AE109: X:8 | AH109: X:8 | AJ109: 21 | AK109: 21 | AL109: 0 | AM109: 0 | AN109: 21
A110: Khối 1 - TCT CNC - 9013948 | B110: Trung tâm Công nghệ Cơ khí - Tự động hóa - 9033768 | C110: 293832 | D110: Hoàng Anh Đức | F110: X:8 | G110: X:8 | H110: X:8 | I110: X:8 | J110: X:8 | M110: X:8 | N110: X:8 | O110: X:8 | P110: X:8 | Q110: X:8 | T110: P:8 | U110: P:8 | V110: P:8 | AJ110: 21 | AK110: 10 | AL110: 3 | AM110: 0 | AN110: 13
A111: Khối 1 - TCT CNC - 9013948 | B111: Trung tâm Công nghệ Cơ khí - Tự động hóa - 9033768 | C111: 245319 | D111: Hoàng Bá Cường | F111: X:8 | G111: X:8 | H111: X:8 | I111: X:8 | J111: X:8 | M111: X:8 | N111: X:8 | O111: X:8 | P111: X:8 | Q111: X:8 | T111: X:8 | U111: X:8 | V111: X:8 | W111: X:8 | X111: X:8 | AA111: X:8 | AB111: X:8 | AC111: X:8 | AD111: X:8 | AE111: X:8 | AH111: X:8 | AJ111: 21 | AK111: 21 | AL111: 0 | AM111: 0 | AN111: 21
A112: Khối 1 - TCT CNC - 9013948 | B112: Trung tâm Công nghệ Cơ khí - Tự động hóa - 9033768 | C112: 291217 | D112: Hoàng Hữu Dương | F112: X:8 | G112: X:8 | H112: X:8 | I112: X:8 | J112: X:8 | M112: X:8 | N112: X:8 | O112: X:8 | P112: X:8 | Q112: X:8 | T112: X:8 | U112: X:8 | V112: X:8 | W112: X:8 | X112: X:8 | AA112: X:8 | AB112: X:8 | AC112: X:8 | AD112: X:8 | AE112: X:8 | AH112: X:8 | AJ112: 21 | AK112: 21 | AL112: 0 | AM112: 0 | AN112: 21
A113: Khối 1 - TCT CNC - 9013948 | B113: Trung tâm Công nghệ Cơ khí - Tự động hóa - 9033768 | C113: 239904 | D113: Hoàng Đức Sơn | F113: X:8 | G113: X:8 | H113: X:8 | I113: X:8 | J113: X:8 | M113: X:8 | N113: X:8 | O113: X:8 | P113: X:8 | Q113: X:8 | T113: X:8 | U113: X:8 | V113: X:8 | W113: X:8 | X113: X:8 | AA113: X:8 | AB113: X:8 | AC113: X:8 | AD113: X:8 | AE113: X:8 | AH113: X:8 | AJ113: 21 | AK113: 21 | AL113: 0 | AM113: 0 | AN113: 21
A114: Khối 1 - TCT CNC - 9013948 | B114: Trung tâm Công nghệ Cơ khí - Tự động hóa - 9033768 | C114: 194747 | D114: Hà Minh Thế | F114: X:8 | G114: X:8 | H114: X:8 | I114: X:8 | J114: X:8 | M114: X:8 | N114: X:8 | O114: X:8 | P114: X:8 | Q114: X:8 | T114: X:8 | U114: X:8 | V114: X:8 | W114: X:8 | X114: X:8 | AA114: X:8 | AB114: X:8 | AC114: DL:8 | AD114: DL:8 | AE114: DL:8 | AH114: X:8 | AJ114: 21 | AK114: 21 | AL114: 0 | AM114: 0 | AN114: 21
A115: Khối 1 - TCT CNC - 9013948 | B115: Trung tâm Công nghệ Cơ khí - Tự động hóa - 9033768 | C115: 432482 | D115: Hà Thị Anh | F115: X:8 | G115: X:8 | H115: X:8 | I115: X:8 | J115: X:8 | M115: X:8 | N115: X:8 | O115: X:8 | P115: X:8 | Q115: X:8 | T115: X:8 | U115: X:4; P:4 | V115: X:8 | W115: X:8 | X115: X:8 | AA115: X:8 | AB115: X:8 | AC115: X:8 | AD115: X:8 | AE115: X:8 | AH115: X:8 | AJ115: 21 | AK115: 20.5 | AL115: 0.5 | AM115: 0 | AN115: 21
A116: Khối 1 - TCT CNC - 9013948 | B116: Trung tâm Công nghệ Cơ khí - Tự động hóa - 9033768 | C116: 456539 | D116: Kim Quốc Anh | F116: X:8 | G116: X:8 | H116: X:8 | I116: X:8 | J116: X:8 | M116: X:8 | N116: X:8 | O116: X:8 | P116: X:8 | Q116: X:8 | T116: X:8 | U116: X:8 | V116: X:8 | W116: X:8 | X116: P:8 | AA116: X:8 | AB116: X:8 | AC116: X:8 | AD116: X:8 | AE116: X:8 | AH116: X:8 | AJ116: 21 | AK116: 20 | AL116: 1 | AM116: 0 | AN116: 21
A117: Khối 1 - TCT CNC - 9013948 | B117: Trung tâm Công nghệ Cơ khí - Tự động hóa - 9033768 | C117: 439130 | D117: Lê Hồ Long | F117: X:8 | G117: X:8 | H117: X:8 | I117: X:8 | J117: X:8 | M117: X:8 | N117: X:8 | O117: X:8 | P117: X:8 | Q117: X:8 | T117: X:8 | U117: X:8 | V117: X:8 | W117: X:8 | X117: X:8 | AA117: X:8 | AB117: X:8 | AC117: X:8 | AD117: X:8 | AE117: X:8 | AH117: X:8 | AJ117: 21 | AK117: 21 | AL117: 0 | AM117: 0 | AN117: 21
A118: Khối 1 - TCT CNC - 9013948 | B118: Trung tâm Công nghệ Cơ khí - Tự động hóa - 9033768 | C118: 472483 | D118: Lê Văn Tuấn Anh | F118: X:8 | G118: X:8 | H118: X:8 | I118: X:8 | J118: X:8 | M118: X:8 | N118: X:8 | O118: X:8 | P118: X:8 | Q118: X:8 | T118: X:8 | U118: X:8 | V118: X:8 | W118: X:8 | X118: X:8 | AA118: X:8 | AB118: X:8 | AC118: X:8 | AD118: X:8 | AE118: X:8 | AH118: X:8 | AJ118: 21 | AK118: 21 | AL118: 0 | AM118: 0 | AN118: 21
A119: Khối 1 - TCT CNC - 9013948 | B119: Trung tâm Công nghệ Cơ khí - Tự động hóa - 9033768 | C119: 134048 | D119: Lê Đức Dũng | F119: X:8 | G119: X:8 | H119: X:8 | I119: X:8 | J119: X:8 | M119: X:8 | N119: X:8 | O119: X:8 | P119: X:8 | Q119: X:8 | T119: X:8 | U119: X:8 | V119: X:8 | W119: X:8 | X119: X:8 | AA119: X:8 | AB119: X:8 | AC119: X:8 | AD119: X:8 | AE119: X:8 | AH119: X:8 | AJ119: 21 | AK119: 21 | AL119: 0 | AM119: 0 | AN119: 21
A120: Khối 1 - TCT CNC - 9013948 | B120: Trung tâm Công nghệ Cơ khí - Tự động hóa - 9033768 | C120: 440210 | D120: Nguyễn Thanh Tùng | F120: X:8 | G120: X:8 | H120: X:8 | I120: X:8 | J120: X:8 | M120: X:8 | N120: X:8 | O120: X:8 | P120: X:8 | Q120: X:8 | T120: X:8 | U120: X:8 | V120: X:8 | W120: X:8 | X120: X:8 | AA120: X:8 | AB120: X:8 | AC120: X:8 | AD120: X:8 | AE120: X:8 | AH120: X:8 | AJ120: 21 | AK120: 21 | AL120: 0 | AM120: 0 | AN120: 21
A121: Khối 1 - TCT CNC - 9013948 | B121: Trung tâm Công nghệ Cơ khí - Tự động hóa - 9033768 | C121: 431893 | D121: Nguyễn Tiến Dũng | F121: X:8 | G121: X:8 | H121: X:8 | I121: X:8 | J121: X:8 | M121: X:8 | N121: X:8 | O121: X:8 | P121: X:8 | Q121: X:8 | T121: X:8 | U121: X:8 | V121: X:8 | W121: X:8 | X121: X:8 | AA121: X:8 | AB121: X:8 | AC121: X:8 | AD121: X:8 | AE121: X:8 | AH121: X:8 | AJ121: 21 | AK121: 21 | AL121: 0 | AM121: 0 | AN121: 21
A122: Khối 1 - TCT CNC - 9013948 | B122: Trung tâm Công nghệ Cơ khí - Tự động hóa - 9033768 | C122: 438221 | D122: Nguyễn Viết Tùng | F122: X:8 | G122: X:8 | H122: X:8 | I122: X:8 | J122: X:8 | M122: X:8 | N122: X:8 | O122: X:8 | P122: X:8 | Q122: X:8 | T122: X:8 | U122: X:8 | V122: X:8 | W122: X:8 | X122: X:8 | AA122: X:8 | AB122: X:8 | AC122: X:8 | AD122: X:8 | AE122: X:8 | AH122: X:8 | AJ122: 21 | AK122: 21 | AL122: 0 | AM122: 0 | AN122: 21
... A317: Khối 1 - TCT CNC - 9013948 | B317: Trung tâm Quang điện tử - 9014059 | C317: 215963 | D317: Nguyễn Đức Hiệp | F317: X:8 | G317: X:8 | H317: X:8 | I317: X:8 | J317: X:8 | M317: X:8 | N317: X:8 | O317: X:8 | P317: X:8 | Q317: X:8 | T317: X:8 | U317: X:8 | V317: X:8 | W317: X:8 | X317: X:8 | AA317: X:8 | AB317: X:8 | AC317: X:8 | AD317: X:8 | AE317: X:8 | AH317: X:8 | AJ317: 21 | AK317: 21 | AL317: 0 | AM317: 0 | AN317: 21
A318: Khối 1 - TCT CNC - 9013948 | B318: Trung tâm Quang điện tử - 9014059 | C318: 466097 | D318: Ngô Anh Tuấn | AJ318: 21 | AK318: 2 | AL318: 0 | AM318: 0 | AN318: 2
A319: Khối 1 - TCT CNC - 9013948 | B319: Trung tâm Quang điện tử - 9014059 | C319: 056921 | D319: Ngô Quang Huy | F319: X:8 | G319: X:8 | H319: X:8 | I319: X:8 | J319: X:8 | M319: X:8 | N319: X:8 | O319: X:8 | P319: X:8 | Q319: X:8 | T319: X:8 | U319: X:8 | V319: X:8 | W319: X:8 | X319: X:8 | AA319: X:8 | AB319: DL:8 | AC319: DL:8 | AD319: DL:8 | AE319: X:8 | AH319: X:8 | AJ319: 21 | AK319: 21 | AL319: 0 | AM319: 0 | AN319: 21
A320: Khối 1 - TCT CNC - 9013948 | B320: Trung tâm Quang điện tử - 9014059 | C320: 470355 | D320: Ngô Đức Mạnh | F320: X:8 | G320: X:8 | H320: X:8 | I320: X:8 | J320: X:8 | M320: X:8 | N320: X:8 | O320: X:8 | P320: X:8 | Q320: X:8 | T320: X:8 | U320: X:8 | V320: X:8 | W320: X:8 | X320: X:8 | AA320: X:8 | AB320: X:8 | AC320: X:8 | AD320: X:8 | AE320: X:8 | AH320: X:8 | AJ320: 21 | AK320: 21 | AL320: 0 | AM320: 0 | AN320: 21
A321: Khối 1 - TCT CNC - 9013948 | B321: Trung tâm Quang điện tử - 9014059 | C321: 449471 | D321: Phạm Sơn Lâm | F321: X:8 | G321: X:8 | H321: X:8 | I321: X:8 | J321: X:8 | M321: X:8 | N321: X:8 | O321: X:8 | P321: X:8 | Q321: X:8 | T321: X:8 | U321: X:8 | V321: X:8 | W321: X:8 | X321: X:8 | AA321: X:8 | AB321: X:8 | AC321: X:8 | AD321: X:8 | AE321: X:8 | AH321: X:8 | AJ321: 21 | AK321: 21 | AL321: 0 | AM321: 0 | AN321: 21
A322: Khối 1 - TCT CNC - 9013948 | B322: Trung tâm Quang điện tử - 9014059 | C322: 466111 | D322: Phạm Thị Thu Hiền | F322: X:8 | G322: X:8 | H322: X:8 | I322: X:8 | J322: X:8 | M322: X:8 | N322: X:8 | O322: X:4; P:4 | P322: X:8 | Q322: X:8 | T322: X:8 | U322: X:8 | V322: X:8 | W322: X:8 | X322: X:8 | AA322: X:8 | AB322: X:8 | AC322: X:8 | AD322: X:8 | AE322: X:8 | AH322: X:8 | AJ322: 21 | AK322: 20.5 | AL322: 0.5 | AM322: 0 | AN322: 21
A323: Khối 1 - TCT CNC - 9013948 | B323: Trung tâm Quang điện tử - 9014059 | C323: 205108 | D323: Quế Đại Cường | F323: X:8 | G323: X:8 | H323: X:8 | I323: X:8 | J323: X:8 | M323: X:8 | N323: X:8 | O323: X:8 | P323: X:8 | Q323: X:8 | T323: X:8 | U323: X:8 | V323: X:8 | W323: X:8 | X323: X:8 | AA323: X:8 | AB323: X:8 | AC323: X:8 | AD323: X:8 | AE323: P:8 | AH323: X:8 | AJ323: 21 | AK323: 20 | AL323: 1 | AM323: 0 | AN323: 21
A324: Khối 1 - TCT CNC - 9013948 | B324: Trung tâm Quang điện tử - 9014059 | C324: 272736 | D324: Trương Bá Mạnh | F324: X:8 | G324: X:8 | H324: X:8 | I324: X:8 | J324: X:8 | M324: X:8 | N324: X:8 | O324: X:8 | P324: X:8 | Q324: X:8 | T324: X:8 | U324: X:8 | V324: X:8 | W324: X:8 | X324: X:8 | AA324: X:8 | AB324: X:8 | AC324: X:8 | AD324: X:8 | AE324: X:8 | AH324: X:8 | AJ324: 21 | AK324: 21 | AL324: 0 | AM324: 0 | AN324: 21
A325: Khối 1 - TCT CNC - 9013948 | B325: Trung tâm Quang điện tử - 9014059 | C325: 233982 | D325: Trần Anh Tuấn | F325: X:8 | G325: X:8 | H325: X:8 | I325: X:8 | J325: X:8 | M325: X:8 | N325: X:8 | O325: X:8 | P325: X:8 | Q325: X:8 | T325: X:8 | U325: X:8 | V325: X:8 | W325: X:8 | X325: X:8 | AA325: X:8 | AB325: X:8 | AC325: X:8 | AD325: X:8 | AE325: X:8 | AH325: X:8 | AJ325: 21 | AK325: 21 | AL325: 0 | AM325: 0 | AN325: 21
A326: Khối 1 - TCT CNC - 9013948 | B326: Trung tâm Quang điện tử - 9014059 | C326: 466289 | D326: Trần Duy Nghĩa | F326: X:8 | G326: X:8 | H326: X:8 | I326: X:8 | J326: X:8 | M326: X:8 | N326: X:8 | O326: X:8 | P326: X:8 | Q326: X:8 | T326: X:8 | U326: X:8 | V326: X:8 | W326: X:8 | X326: X:8 | AA326: X:8 | AB326: X:8 | AC326: X:8 | AD326: X:8 | AE326: X:8 | AH326: X:8 | AJ326: 21 | AK326: 21 | AL326: 0 | AM326: 0 | AN326: 21
A327: Khối 1 - TCT CNC - 9013948 | B327: Trung tâm Quang điện tử - 9014059 | C327: 246818 | D327: Trần Lê Lân | F327: X:8 | G327: X:8 | H327: X:8 | I327: X:8 | J327: X:8 | M327: X:8 | N327: X:8 | O327: X:8 | P327: X:8 | Q327: X:8 | T327: X:8 | U327: X:8 | V327: X:8 | W327: X:8 | X327: X:8 | AA327: X:8 | AB327: X:8 | AC327: X:8 | AD327: X:8 | AE327: X:8 | AH327: X:8 | AJ327: 21 | AK327: 21 | AL327: 0 | AM327: 0 | AN327: 21
A328: Khối 1 - TCT CNC - 9013948 | B328: Trung tâm Quang điện tử - 9014059 | C328: 475907 | D328: Trần Đức Mạnh | F328: X:8 | G328: X:8 | H328: X:8 | I328: X:8 | J328: X:8 | M328: X:8 | N328: X:8 | O328: X:8 | P328: X:8 | Q328: X:8 | T328: X:8 | U328: X:8 | V328: X:8 | W328: X:8 | X328: X:8 | AA328: X:8 | AB328: X:8 | AC328: X:8 | AD328: X:8 | AE328: X:8 | AH328: X:8 | AJ328: 21 | AK328: 21 | AL328: 0 | AM328: 0 | AN328: 21
A329: Khối 1 - TCT CNC - 9013948 | B329: Trung tâm Quang điện tử - 9014059 | C329: 472503 | D329: Trịnh Đăng Cảnh | F329: X:8 | G329: X:8 | H329: X:8 | I329: X:8 | J329: X:8 | M329: X:8 | N329: X:8 | O329: X:8 | P329: X:8 | Q329: X:8 | T329: X:8 | U329: X:8 | V329: X:8 | W329: X:8 | X329: X:8 | AA329: X:8 | AB329: X:8 | AC329: X:8 | AD329: X:8 | AE329: X:8 | AH329: X:8 | AJ329: 21 | AK329: 21 | AL329: 0 | AM329: 0 | AN329: 21
A330: Khối 1 - TCT CNC - 9013948 | B330: Trung tâm Quang điện tử - 9014059 | C330: 427196 | D330: Tô Bảo Đồng | F330: X:8 | G330: X:8 | H330: X:8 | I330: X:8 | J330: X:8 | M330: X:8 | N330: X:8 | O330: X:8 | P330: X:8 | Q330: X:8 | T330: X:8 | U330: X:8 | V330: X:8 | W330: X:8 | X330: X:8 | AA330: X:8 | AB330: X:8 | AC330: X:8 | AD330: X:8 | AE330: X:8 | AH330: X:8 | AJ330: 21 | AK330: 21 | AL330: 0 | AM330: 0 | AN330: 21
... A507: Khối 1 - TCT CNC - 9013948 | B507: Trung tâm Tác chiến điện tử - 9069754 | C507: 237264 | D507: Lương Thế Anh | F507: X:8 | G507: X:8 | H507: X:8 | I507: DL:8 | J507: DL:8 | M507: X:8 | N507: X:8 | O507: X:8 | P507: X:8 | Q507: X:8 | T507: X:8 | U507: X:8 | V507: X:8 | W507: X:8 | X507: X:8 | AA507: X:8 | AB507: X:8 | AC507: X:8 | AD507: X:8 | AE507: X:8 | AH507: X:8 | AJ507: 21 | AK507: 21 | AL507: 0 | AM507: 0 | AN507: 21
A508: Khối 1 - TCT CNC - 9013948 | B508: Trung tâm Tác chiến điện tử - 9069754 | C508: 466957 | D508: Nguyễn Anh Dũng | F508: X:8 | G508: X:8 | H508: P:8 | I508: DL:8 | J508: DL:8 | M508: X:8 | N508: X:8 | O508: X:8 | P508: P:8 | Q508: X:8 | T508: X:8 | U508: X:8 | V508: X:8 | W508: X:8 | X508: X:8 | AJ508: 21 | AK508: 13 | AL508: 2 | AM508: 0 | AN508: 15
A509: Khối 1 - TCT CNC - 9013948 | B509: Trung tâm Tác chiến điện tử - 9069754 | C509: 292558 | D509: Nguyễn Chí Dũng | F509: X:8 | G509: X:8 | H509: X:8 | I509: X:8 | J509: X:8 | M509: X:8 | N509: X:8 | O509: X:8 | P509: X:8 | Q509: X:8 | T509: X:8 | U509: X:8 | V509: X:8 | W509: X:8 | X509: X:8 | AA509: X:8 | AB509: X:8 | AC509: X:8 | AD509: P:8 | AE509: P:8 | AH509: X:8 | AJ509: 21 | AK509: 19 | AL509: 2 | AM509: 0 | AN509: 21
A510: Khối 1 - TCT CNC - 9013948 | B510: Trung tâm Tác chiến điện tử - 9069754 | C510: 429229 | D510: Nguyễn Duy Phong | F510: X:8 | G510: X:8 | H510: X:8 | I510: DL:8 | J510: DL:8 | M510: X:8 | N510: X:8 | O510: X:8 | P510: X:8 | Q510: X:8 | T510: X:8 | U510: X:8 | V510: X:8 | W510: X:8 | X510: X:8 | AA510: X:8 | AB510: X:8 | AC510: X:8 | AD510: X:8 | AE510: X:8 | AH510: X:8 | AJ510: 21 | AK510: 21 | AL510: 0 | AM510: 0 | AN510: 21
A511: Khối 1 - TCT CNC - 9013948 | B511: Trung tâm Tác chiến điện tử - 9069754 | C511: 245477 | D511: Nguyễn Hữu Duy | F511: X:8 | G511: X:8 | H511: X:8 | I511: DL:8 | J511: DL:8 | M511: X:8 | N511: X:8 | O511: X:8 | P511: X:8 | Q511: X:8 | T511: X:8 | U511: X:8 | V511: X:8 | W511: X:8 | X511: X:8 | AA511: X:8 | AB511: X:8 | AC511: P:8 | AD511: X:8 | AE511: X:8 | AH511: X:8 | AJ511: 21 | AK511: 20 | AL511: 1 | AM511: 0 | AN511: 21
A512: Khối 1 - TCT CNC - 9013948 | B512: Trung tâm Tác chiến điện tử - 9069754 | C512: 441225 | D512: Nguyễn Hữu Hưng | F512: X:8 | G512: X:8 | H512: X:8 | I512: X:8 | J512: X:8 | M512: X:8 | N512: X:8 | O512: X:8 | P512: X:8 | Q512: X:8 | T512: X:8 | U512: X:8 | V512: X:8 | W512: X:8 | X512: X:8 | AA512: X:8 | AB512: X:8 | AC512: X:8 | AD512: P:8 | AE512: P:8 | AH512: X:8 | AJ512: 21 | AK512: 19 | AL512: 2 | AM512: 0 | AN512: 21
A513: Khối 1 - TCT CNC - 9013948 | B513: Trung tâm Tác chiến điện tử - 9069754 | C513: 454701 | D513: Nguyễn Sơn Tùng | F513: X:8 | G513: X:8 | H513: X:8 | I513: DL:8 | J513: DL:8 | M513: X:8 | N513: X:8 | O513: X:8 | P513: X:8 | Q513: X:8 | T513: X:8 | U513: X:8 | V513: X:8 | W513: X:8 | X513: X:8 | AA513: X:8 | AB513: X:8 | AC513: X:8 | AD513: X:8 | AE513: X:8 | AH513: X:8 | AJ513: 21 | AK513: 21 | AL513: 0 | AM513: 0 | AN513: 21
A514: Khối 1 - TCT CNC - 9013948 | B514: Trung tâm Tác chiến điện tử - 9069754 | C514: 236485 | D514: Nguyễn Thành Đô | F514: X:8 | G514: X:8 | H514: X:8 | I514: X:8 | J514: X:8 | M514: X:8 | N514: X:8 | O514: X:8 | P514: X:8 | Q514: X:8 | T514: X:8 | U514: X:8 | V514: X:8 | W514: X:8 | X514: X:8 | AA514: X:8 | AB514: X:8 | AC514: X:8 | AD514: X:8 | AE514: X:8 | AH514: X:8 | AJ514: 21 | AK514: 21 | AL514: 0 | AM514: 0 | AN514: 21
A515: Khối 1 - TCT CNC - 9013948 | B515: Trung tâm Tác chiến điện tử - 9069754 | C515: 087201 | D515: Nguyễn Thái Bình | F515: X:8 | G515: X:8 | H515: X:8 | I515: DL:8 | J515: DL:8 | M515: X:8 | N515: X:8 | O515: X:8 | P515: X:8 | Q515: X:8 | T515: X:8 | U515: X:8 | V515: X:8 | W515: X:8 | X515: X:8 | AA515: X:8 | AB515: X:8 | AC515: X:8 | AD515: X:8 | AE515: X:8 | AH515: X:8 | AJ515: 21 | AK515: 21 | AL515: 0 | AM515: 0 | AN515: 21
A516: Khối 1 - TCT CNC - 9013948 | B516: Trung tâm Tác chiến điện tử - 9069754 | C516: 194737 | D516: Nguyễn Thị Hương | F516: X:8 | G516: X:8 | H516: X:8 | I516: X:8 | J516: X:8 | M516: X:8 | N516: X:8 | O516: X:8 | P516: X:8 | Q516: X:8 | T516: X:8 | U516: X:8 | V516: X:8 | W516: X:8 | X516: X:8 | AA516: X:8 | AB516: X:8 | AC516: DL:8 | AD516: DL:8 | AE516: DL:8 | AH516: X:8 | AJ516: 21 | AK516: 21 | AL516: 0 | AM516: 0 | AN516: 21
A517: Khối 1 - TCT CNC - 9013948 | B517: Trung tâm Tác chiến điện tử - 9069754 | C517: 465387 | D517: Nguyễn Thị Hải Yến | F517: X:8 | G517: X:8 | H517: X:8 | I517: DL:8 | J517: DL:8 | M517: X:8 | N517: X:8 | O517: X:8 | P517: X:8 | Q517: X:8 | T517: X:8 | U517: X:8 | V517: X:8 | W517: X:8 | X517: X:8 | AA517: X:8 | AB517: X:8 | AC517: X:8 | AD517: X:8 | AE517: X:8 | AH517: X:8 | AJ517: 21 | AK517: 21 | AL517: 0 | AM517: 0 | AN517: 21
A518: Khối 1 - TCT CNC - 9013948 | B518: Trung tâm Tác chiến điện tử - 9069754 | C518: 282976 | D518: Nguyễn Thị Thương Huyền | F518: X:8 | G518: X:8 | H518: X:8 | I518: X:8 | J518: X:8 | M518: X:8 | N518: X:8 | O518: X:8 | P518: X:8 | Q518: X:8 | T518: X:8 | U518: X:8 | V518: X:8 | W518: X:8 | X518: X:8 | AA518: X:8 | AB518: X:8 | AC518: X:8 | AD518: X:8 | AE518: X:8 | AH518: X:8 | AJ518: 21 | AK518: 21 | AL518: 0 | AM518: 0 | AN518: 21
A519: Khối 1 - TCT CNC - 9013948 | B519: Trung tâm Tác chiến điện tử - 9069754 | C519: 233756 | D519: Nguyễn Tiến Mạnh | F519: X:8 | G519: X:4; P:4 | H519: X:8 | I519: DL:8 | J519: DL:8 | M519: X:8 | N519: X:8 | O519: X:8 | P519: X:8 | Q519: X:8 | T519: X:8 | U519: X:8 | V519: X:8 | W519: X:8 | X519: X:8 | AA519: X:8 | AB519: X:8 | AC519: X:8 | AD519: X:8 | AE519: X:8 | AH519: X:8 | AJ519: 21 | AK519: 20.5 | AL519: 0.5 | AM519: 0 | AN519: 21
A520: Khối 1 - TCT CNC - 9013948 | B520: Trung tâm Tác chiến điện tử - 9069754 | C520: 217307 | D520: Nguyễn Trần Minh | F520: X:8 | G520: X:8 | H520: X:8 | I520: DL:8 | J520: DL:8 | M520: X:8 | N520: X:8 | O520: X:8 | P520: X:8 | Q520: P:8 | T520: X:8 | U520: X:8 | V520: X:8 | W520: X:8 | X520: X:8 | AA520: X:8 | AB520: X:8 | AC520: X:8 | AD520: X:8 | AE520: X:8 | AH520: X:8 | AJ520: 21 | AK520: 20 | AL520: 1 | AM520: 0 | AN520: 21
... A545: Khối 1 - TCT CNC - 9013948 | B545: Trung tâm Tác chiến điện tử - 9069754 | C545: 471547 | D545: Đỗ Quân | F545: X:8 | G545: X:8 | H545: X:8 | I545: DL:8 | J545: DL:8 | M545: X:8 | N545: X:8 | O545: X:8 | P545: X:8 | Q545: X:8 | T545: X:8 | U545: X:8 | V545: X:8 | W545: X:8 | X545: X:8 | AA545: X:8 | AB545: X:8 | AC545: X:8 | AD545: X:8 | AE545: X:8 | AH545: X:8 | AJ545: 21 | AK545: 21 | AL545: 0 | AM545: 0 | AN545: 21
A546: Khối 1 - TCT CNC - 9013948 | B546: Trung tâm Tác chiến điện tử - 9069754 | C546: 245476 | D546: Đỗ Sơn Lâm | F546: X:8 | G546: X:8 | H546: X:8 | I546: DL:8 | J546: DL:8 | M546: X:8 | N546: X:8 | O546: P:8 | P546: P:8 | Q546: P:8 | AJ546: 21 | AK546: 7 | AL546: 3 | AM546: 0 | AN546: 10
A547: Khối 1 - TCT CNC - 9013948 | B547: Trung tâm Tác chiến điện tử - 9069754 | C547: 206855 | D547: Đỗ Văn Lộng | F547: X:8 | G547: X:8 | H547: X:8 | I547: DL:8 | J547: DL:8 | M547: X:8 | N547: X:8 | O547: X:8 | P547: X:8 | Q547: X:8 | T547: X:8 | U547: X:8 | V547: X:8 | W547: X:8 | X547: X:8 | AA547: X:8 | AB547: X:8 | AC547: X:8 | AD547: X:8 | AE547: X:8 | AH547: X:8 | AJ547: 21 | AK547: 21 | AL547: 0 | AM547: 0 | AN547: 21
A548: Khối 1 - TCT CNC - 9013948 | B548: Trung tâm dịch vụ sau bán hàng - 9014089 | C548: 185175 | D548: Bùi Xuân Thắng | F548: X:8 | G548: X:8 | H548: X:8 | I548: X:8 | J548: X:8 | M548: X:8 | N548: X:8 | O548: X:8 | P548: X:8 | Q548: X:8 | T548: X:8 | U548: X:8 | V548: X:8 | W548: X:8 | X548: X:8 | AA548: P:8 | AB548: P:8 | AC548: X:8 | AD548: X:8 | AE548: X:8 | AH548: X:8 | AJ548: 21 | AK548: 19 | AL548: 2 | AM548: 0 | AN548: 21
A549: Khối 1 - TCT CNC - 9013948 | B549: Trung tâm dịch vụ sau bán hàng - 9014089 | C549: 047494 | D549: Hà Mạnh Thắng | F549: X:8 | G549: X:8 | H549: X:8 | I549: X:8 | J549: X:8 | M549: X:8 | N549: X:8 | O549: X:8 | P549: X:8 | Q549: X:8 | T549: X:8 | U549: X:8 | V549: X:8 | W549: X:8 | X549: X:8 | AA549: X:8 | AB549: X:8 | AC549: X:8 | AD549: X:8 | AE549: X:8 | AH549: X:8 | AJ549: 21 | AK549: 21 | AL549: 0 | AM549: 0 | AN549: 21
A550: Khối 1 - TCT CNC - 9013948 | B550: Trung tâm dịch vụ sau bán hàng - 9014089 | C550: 186819 | D550: Hà Đình Sơn | F550: X:8 | G550: X:8 | H550: X:8 | I550: X:8 | J550: X:8 | M550: X:8 | N550: X:8 | O550: X:8 | P550: X:8 | Q550: X:8 | T550: X:8 | U550: X:8 | V550: X:8 | W550: X:8 | X550: X:8 | AA550: X:8 | AB550: X:8 | AC550: X:8 | AD550: X:8 | AE550: X:8 | AH550: X:8 | AJ550: 21 | AK550: 21 | AL550: 0 | AM550: 0 | AN550: 21
A551: Khối 1 - TCT CNC - 9013948 | B551: Trung tâm dịch vụ sau bán hàng - 9014089 | C551: 108440 | D551: Lê Duy Tuấn | F551: X:8 | G551: X:8 | H551: X:8 | I551: X:8 | J551: X:8 | M551: X:8 | N551: X:8 | O551: X:8 | P551: X:8 | Q551: X:8 | T551: X:8 | U551: X:8 | V551: X:8 | W551: X:8 | X551: X:8 | AA551: X:8 | AB551: X:8 | AC551: X:8 | AD551: X:8 | AE551: X:8 | AH551: X:8 | AJ551: 21 | AK551: 21 | AL551: 0 | AM551: 0 | AN551: 21
A552: Khối 1 - TCT CNC - 9013948 | B552: Trung tâm dịch vụ sau bán hàng - 9014089 | C552: 204936 | D552: Lê Ngọc Đức | F552: X:8 | G552: X:8 | H552: X:8 | I552: X:8 | J552: X:8 | M552: X:8 | N552: X:8 | O552: X:8 | P552: X:8 | Q552: X:8 | T552: X:8 | U552: X:8 | V552: X:8 | W552: X:8 | X552: X:8 | AA552: X:8 | AB552: X:8 | AC552: X:8 | AD552: X:8 | AE552: X:8 | AH552: X:8 | AJ552: 21 | AK552: 21 | AL552: 0 | AM552: 0 | AN552: 21
A553: Khối 1 - TCT CNC - 9013948 | B553: Trung tâm dịch vụ sau bán hàng - 9014089 | C553: 106416 | D553: Lê Thị Phương Lan | F553: X:8 | G553: X:8 | H553: X:8 | I553: X:8 | J553: X:8 | M553: X:8 | N553: X:8 | O553: X:8 | P553: X:8 | Q553: X:8 | T553: X:8 | U553: X:8 | V553: X:8 | W553: X:8 | X553: X:8 | AA553: X:8 | AB553: X:8 | AC553: X:8 | AD553: X:8 | AE553: X:8 | AH553: X:8 | AJ553: 21 | AK553: 21 | AL553: 0 | AM553: 0 | AN553: 21
A554: Khối 1 - TCT CNC - 9013948 | B554: Trung tâm dịch vụ sau bán hàng - 9014089 | C554: 446285 | D554: Lê Tuấn Vũ | F554: X:8 | G554: X:8 | H554: X:8 | I554: X:8 | J554: X:8 | M554: X:8 | N554: X:8 | O554: X:8 | P554: X:8 | Q554: X:8 | T554: X:8 | U554: X:8 | V554: X:8 | W554: X:8 | X554: X:8 | AA554: X:8 | AB554: X:8 | AC554: X:8 | AD554: X:8 | AE554: X:8 | AH554: X:8 | AJ554: 21 | AK554: 21 | AL554: 0 | AM554: 0 | AN554: 21
A555: Khối 1 - TCT CNC - 9013948 | B555: Trung tâm dịch vụ sau bán hàng - 9014089 | C555: 471967 | D555: Nguyễn Chí Thành | F555: X:8 | G555: X:8 | H555: X:8 | I555: X:8 | J555: X:8 | M555: X:8 | N555: X:8 | O555: X:8 | P555: X:8 | Q555: X:8 | T555: X:8 | U555: X:8 | V555: X:8 | W555: X:8 | X555: X:8 | AA555: X:8 | AB555: X:8 | AC555: X:8 | AD555: X:8 | AE555: X:8 | AH555: X:8 | AJ555: 21 | AK555: 21 | AL555: 0 | AM555: 0 | AN555: 21
A556: Khối 1 - TCT CNC - 9013948 | B556: Trung tâm dịch vụ sau bán hàng - 9014089 | C556: 200111 | D556: Nguyễn Công Khanh | F556: X:8 | G556: X:8 | H556: X:8 | I556: X:8 | J556: X:8 | M556: X:8 | N556: X:8 | O556: X:8 | P556: X:8 | Q556: X:8 | T556: X:8 | U556: X:8 | V556: X:8 | W556: X:8 | X556: X:8 | AA556: X:8 | AB556: X:8 | AC556: X:8 | AD556: X:8 | AE556: X:8 | AH556: X:8 | AJ556: 21 | AK556: 21 | AL556: 0 | AM556: 0 | AN556: 21
A557: Khối 1 - TCT CNC - 9013948 | B557: Trung tâm dịch vụ sau bán hàng - 9014089 | C557: 066815 | D557: Nguyễn Hoài Hà | F557: X:8 | G557: X:8 | H557: X:8 | I557: X:8 | J557: X:8 | M557: X:8 | N557: X:8 | O557: X:8 | P557: X:8 | Q557: X:8 | T557: X:8 | U557: X:8 | V557: X:8 | W557: X:8 | X557: X:8 | AA557: X:8 | AB557: X:8 | AC557: X:8 | AD557: X:8 | AE557: X:8 | AH557: X:8 | AJ557: 21 | AK557: 21 | AL557: 0 | AM557: 0 | AN557: 21
A558: Khối 1 - TCT CNC - 9013948 | B558: Trung tâm dịch vụ sau bán hàng - 9014089 | C558: 449481 | D558: Nguyễn Huy Phương | F558: X:8 | G558: X:8 | H558: X:8 | I558: X:8 | J558: X:8 | M558: X:8 | N558: X:8 | O558: X:8 | P558: X:8 | Q558: X:8 | T558: X:8 | U558: X:8 | V558: X:8 | W558: X:8 | X558: X:8 | AA558: X:8 | AB558: X:8 | AC558: X:8 | AD558: X:8 | AE558: X:8 | AH558: X:8 | AJ558: 21 | AK558: 21 | AL558: 0 | AM558: 0 | AN558: 21
... A741: Khối 2 - TCT CNC - 9013949 | B741: Trung tâm Nghiên cứu Công nghệ chuyển mạch - 9014117 | C741: 169194 | D741: Đỗ Ngọc Thanh | F741: X:8 | G741: X:8 | H741: X:8 | I741: X:8 | J741: X:8 | M741: X:8 | N741: X:8 | O741: X:8 | P741: X:8 | Q741: X:8 | T741: P:8 | U741: X:8 | V741: X:8 | W741: X:8 | X741: X:8 | AA741: X:8 | AB741: X:8 | AC741: X:8 | AD741: X:8 | AE741: X:8 | AH741: X:8 | AJ741: 21 | AK741: 20 | AL741: 1 | AM741: 0 | AN741: 21
A742: Khối 2 - TCT CNC - 9013949 | B742: Trung tâm Nghiên cứu Công nghệ chuyển mạch - 9014117 | C742: 198508 | D742: Đỗ Thế Anh | F742: X:8 | G742: X:8 | H742: X:8 | I742: X:8 | J742: X:8 | M742: X:8 | N742: X:8 | O742: X:8 | P742: X:8 | Q742: X:8 | T742: X:8 | U742: X:8 | V742: X:8 | W742: X:8 | X742: X:8 | Y742: TĐN:8 | AA742: X:8 | AB742: X:8 | AC742: X:8 | AD742: X:8 | AE742: X:8 | AH742: X:8 | AJ742: 21 | AK742: 21 | AL742: 0 | AM742: 0 | AN742: 21
...

Sheet BM1.DSNhanSu
G1: BM.06
A2: TẬP ĐOÀN CÔNG NGHIỆP - VIỄN THÔNG QUÂN ĐỘI | F2: CỘNG HÒA XÃ HỘI CHỦ NGHĨA VIỆT NAM
B3: ĐƠN VỊ TRỰC THUỘC TẬP ĐOÀN | F3: Độc lập - Tự do - Hạnh phúc
E5: Hà Nội, ngày tháng năm 20..
A7: DANH SÁCH NHÂN SỰ THAM GIA NHIỆM VỤ KHCN
B8: Tên nhiệm vụ KHCN: ………
B9: Mã số: …………
A11: TT | B11: MÃ NV | C11: Họ và tên | D11: Chức danh | E11: Nội dung công việc tham gia nhiệm vụ KHCN | F11: Thời gian tham gia | G11: Ghi chú
A12: 1 | B12: 123204 | C12: Nguyễn Văn X1 | D12: Phó giám đốc | E12: Thiết kế phần cứng | F12: từ ngày … đến khi kết thúc đề tài
A13: 2 | B13: 130448 | C13: Nguyễn Văn X2 | D13: =+VLOOKUP(B13,[3]Sheet1!C$18:J$782,8,0) -> Phó Trưởng phòng | E13: Phát triển phần mềm | F13: từ ngày … đến ngày …
A14: 3 | B14: 131748 | C14: Nguyễn Văn X3 | D14: Trưởng phòng | E14: Phát triển phần mềm
A15: 4 | B15: 135755 | C15: Nguyễn Văn X4 | D15: Kỹ sư | E15: Thiết kế cơ khí | G15: Thay thế cho đồng chí A đã nghỉ việc
A16: 5 | B16: 135756 | C16: Nguyễn Văn X5 | D16: Kỹ sư chính | E16: Thiết kế cơ khí | G16: Nhân sự tuyển mới theo thuyết minh đề tài
A17: 6 | B17: 135757 | C17: Nguyễn Văn X6 | D17: Kỹ sư chính | E17: Thiết kế cơ khí
B19: CHỦ NHIỆM NHIỆM VỤ | E19: PHÒNG NHÂN SỰ | G19: THỦ TRƯỞNG ĐƠN VỊ

Sheet BM2.1.Bang cham cong_KHCN
AL1: BM.03.01
A2: TỔNG CÔNG TY CÔNG NGHIỆP CÔNG NGHỆ CAO VIETTEL | J2: Note: | K2: Không chia mục I, II nữa | AC2: CỘNG HÒA XÃ HỘI CHỦ NGHĨA VIỆT NAM
A3: TRUNG TÂM | K3: Các nội dung mà có nhiều nhân sự bị tách thành nhiều dòng thì thêm dòng group (như mẫu BM3.1) | AC3: Độc lập - Tự do - Hạnh phúc
A5: BẢNG CHẤM CÔNG THEO NỘI DUNG CÔNG VIỆC THÁNG | V5: 5 | W5: / | X5: 2025
B6: Tên nhiệm vụ KHCN:
B7: Mã số:
A8: STT | B8: Nội dung | C8: Nhân sự tham gia | N8: Tháng | Q8: =V5 -> 5 | R8: =W5 -> / | S8: =X5 -> 2025 | AL8: Ghi chú
C9: Mã nhân viên | D9: Họ và tên | E9: =DATE($X$5,$V$5,1) -> 45778 | F9: =E9+1 -> 45779 | G9: =F9+1 -> 45780 | H9: =G9+1 -> 45781 | I9: =H9+1 -> 45782 | J9: =I9+1 -> 45783 | K9: =J9+1 -> 45784 | L9: =K9+1 -> 45785 | M9: =L9+1 -> 45786 | ... AF9: =AE9+1 -> 45805 | AG9: =IF(EOMONTH(E9,0)>AF9,AF9+1,"") -> 45806 | AH9: =IF(EOMONTH(F9,0)>AG9,AG9+1,"") -> 45807 | AI9: =IF(EOMONTH(G9,0)>AH9,AH9+1,"") -> 45808 | AJ9: Tổng thời gian thực hiện trong tháng
E10: =TEXT(E9,"[$-42A]ddd") -> T5 | F10: =TEXT(F9,"[$-42A]ddd") -> T6 | G10: =TEXT(G9,"[$-42A]ddd") -> T7 | H10: =TEXT(H9,"[$-42A]ddd") -> CN | I10: =TEXT(I9,"[$-42A]ddd") -> T2 | J10: =TEXT(J9,"[$-42A]ddd") -> T3 | K10: =TEXT(K9,"[$-42A]ddd") -> T4 | L10: =TEXT(L9,"[$-42A]ddd") -> T5 | ... AI10: =TEXT(AI9,"[$-42A]ddd") -> T7 | AJ10: Số ngày | AK10: Số man-month
A11: I - Nhân sự quản lý đề tài
A12: 1 | B12: Chủ nhiệm đề tài | C12: 123456 | D12: Nguyễn Văn A | AJ12: =SUM(E12:AI12) -> 0
A13: 2 | B13: Thư ký đề tài | C13: 241253 | D13: Nguyễn Văn B | AJ13: =SUM(E13:AI13) -> 0
A14: II - Nhân sự nghiên cứu trực tiếp
A15: 1 | B15: ='[4]2.BTH cham cong'!C39 -> Kiểm thử
A16: 2 | B16: ='[4]2.BTH cham cong'!C40 -> Nghiên cứu giải pháp | C16: 123333 | D16: Nguyễn Minh Hùng | AJ16: =SUM(E16:AI16) -> 0
A17: 3 | B17: ='[4]2.BTH cham cong'!C41 -> Thiết kế cơ khí
A18: 4 | B18: ='[4]2.BTH cham cong'!D62 -> 0 | C18: 234522 | D18: Hà Thị Hải | AJ18: =SUM(E18:AI18) -> 0 | AL18: VD: nhân sự bổ sung
A19: 5 | B19: =AN20 -> 0
A20: 6 | B20: =AN21 -> 0 | C20: 123333 | D20: Nguyễn Minh Hùng | AJ20: =SUM(E20:AI20) -> 0
A21: 7 | B21: =AN32 -> 0
A22: 8 | B22: =AN23 -> 0 | AJ22: =SUM(E22:AI22) -> 0 | AL22: VD: nhân sự bổ sung
A23: 9 | B23: =AN24 -> 0
A24: 10 | B24: =AN25 -> 0 | AJ24: =SUM(E24:AI24) -> 0
A25: 11 | B25: =AN26 -> 0
A26: 12 | B26: =AN32 -> 0 | AJ26: =SUM(E26:AI26) -> 0 | AL26: VD: nhân sự bổ sung
A27: 13 | B27: =AN28 -> 0 | AJ27: =SUM(E27:AI27) -> 0 | AL27: VD: nhân sự bổ sung
A28: 14 | B28: =AN29 -> 0
A29: 15 | B29: =AN30 -> 0 | AJ29: =SUM(E29:AI29) -> 0
A30: 16 | B30: =AN31 -> 0
A31: 17 | B31: =AN32 -> 0 | AJ31: =SUM(E31:AI31) -> 0 | AL31: VD: nhân sự bổ sung
A32: 18 | B32: =AN33 -> 0 | AJ32: =SUM(E32:AI32) -> 0 | AL32: VD: nhân sự bổ sung
A33: 19 | B33: =AN34 -> 0
A34: 20 | B34: =AN35 -> 0 | AJ34: =SUM(E34:AI34) -> 0
A35: TỔNG CỘNG | AJ35: =SUM(AJ12:AJ34) -> 0
C37: NGƯỜI LẬP BIỂU | M37: CHỦ NHIỆM NHIỆM VỤ | AB37: TRUNG TÂM

Sheet BM2.2.Bang cham cong_SXKD
AL2: BM.03.01 | AM2: =AN23 -> 0
A3: ĐƠN VỊ TRỰC THUỘC TẬP ĐOÀN | AC3: CỘNG HÒA XÃ HỘI CHỦ NGHĨA VIỆT NAM
A4: TRUNG TÂM | AC4: Độc lập - Tự do - Hạnh phúc
A6: BẢNG CHẤM CÔNG THEO NỘI DUNG CÔNG VIỆC THÁNG | V6: 5 | W6: / | X6: 2025
B7: Tên nhiệm vụ SXKD: | C7: Sản xuất 03 đài Ra đa 3D cảnh giới tầm trung băng S VRS-MRS, gói vật tư dự phòng và gói triển khai hạ tầng
B8: Nguồn: | C8: CHỌN NGUỒN (SXKD/Bán hàng/Bảo hành/Đầu tư phát triển)
A10: STT | B10: Nội dung | C10: Nhân sự tham gia | N10: Tháng | Q10: =V6 -> 5 | R10: =W6 -> / | S10: =X6 -> 2025 | AL10: Ghi chú
C11: Mã nhân viên | D11: Họ và tên | E11: =DATE($X$6,$V$6,1) -> 45778 | F11: =E11+1 -> 45779 | G11: =F11+1 -> 45780 | H11: =G11+1 -> 45781 | I11: =H11+1 -> 45782 | J11: =I11+1 -> 45783 | K11: =J11+1 -> 45784 | L11: =K11+1 -> 45785 | M11: =L11+1 -> 45786 | ... AF11: =AE11+1 -> 45805 | AG11: =IF(EOMONTH(E11,0)>AF11,AF11+1,"") -> 45806 | AH11: =IF(EOMONTH(F11,0)>AG11,AG11+1,"") -> 45807 | AI11: =IF(EOMONTH(G11,0)>AH11,AH11+1,"") -> 45808 | AJ11: Tổng thời gian thực hiện trong tháng
E12: =TEXT(E11,"[$-42A]ddd") -> T5 | F12: =TEXT(F11,"[$-42A]ddd") -> T6 | G12: =TEXT(G11,"[$-42A]ddd") -> T7 | H12: =TEXT(H11,"[$-42A]ddd") -> CN | I12: =TEXT(I11,"[$-42A]ddd") -> T2 | J12: =TEXT(J11,"[$-42A]ddd") -> T3 | K12: =TEXT(K11,"[$-42A]ddd") -> T4 | L12: =TEXT(L11,"[$-42A]ddd") -> T5 | ... AI12: =TEXT(AI11,"[$-42A]ddd") -> T7 | AJ12: Số ngày | AK12: Số man-month
A13: I - Nhân sự quản lý dự án
A14: 1 | B14: Chủ nhiệm dự án | C14: 123456 | D14: Nguyễn Văn A | AJ14: =SUM(E14:AI14) -> 0
A15: 2 | B15: Thư ký dự án | C15: 241253 | D15: Nguyễn Văn B | AJ15: =SUM(E15:AI15) -> 0
A16: II - Nhân sự nghiên cứu trực tiếp
A17: A | B17: Đài Ra đa VRS-MRS
A18: 1 | B18: Thiết kế phần cứng | C18: 123333 | D18: Nguyễn Minh Hùng
A19: 2 | B19: Phát triển phần mềm | AJ19: =SUM(E19:AI19) -> 0
A20: B | B20: Bộ ZIP cho đài Ra đa VRS-MRS
A21: 3 | B21: Thiết kế cơ khí | C21: 234522 | D21: Hà Thị Hải
A22: 4 | AJ22: =SUM(E22:AI22) -> 0
A23: 5 | B23: …
A24: 6 | AJ24: =SUM(E24:AI24) -> 0
A25: 7
A26: 8 | AJ26: =SUM(E26:AI26) -> 0 | AL26: VD: nhân sự bổ sung
A27: 9
A28: 10 | AJ28: =SUM(E28:AI28) -> 0
A29: 11 | AJ29: =SUM(E29:AI29) -> 0
A30: 12
A31: 13 | AJ31: =SUM(E31:AI31) -> 0
A32: 14 | AJ32: =SUM(E32:AI32) -> 0
A33: 15
A34: 16 | AJ34: =SUM(E34:AI34) -> 0 | AL34: VD: nhân sự bổ sung
A35: 17 | AJ35: =SUM(E35:AI35) -> 0 | AL35: VD: nhân sự bổ sung
A36: 18
A37: 19 | AJ37: =SUM(E37:AI37) -> 0
A38: 20 | AJ38: =SUM(E38:AI38) -> 0
A39: TỔNG CỘNG | AJ39: =SUM(AJ14:AJ38) -> 0
C41: NGƯỜI LẬP BIỂU | M41: CHỦ NHIỆM NHIỆM VỤ | AB41: TRUNG TÂM

Sheet BM3.Bang TH phan bo
A1: STT | B1: MNV | C1: Họ và tên | D1: Tên đề tài | E1: Mã đề tài, dự án | F1: Nội dung công việc | G1: Phân nguồn (KHCN, QL, Bán hàng, Bảo hành, SXKD) | H1: Đơn vị trong DS | I1: Đơn vị phân bổ | J1: Khối | L1: Công tính lương | M1: Công phân bổ | N1: Mã (ghép MNV và ngày công) | O1: Số lần xuấn hiện mã | P1: Số lần xuất hiện mã đến dòng hiện tại | Q1: CHI PHÍ NHÂN CÔNG THÁNG (làm căn cứ phân bổ) | AF1: CHI PHÍ NHÂN CÔNG PHÂN BỔ
Q2: Lương tháng | R2: Lương tháng (trừ BH cá nhân) | S2: Truy thu/truy lĩnh (lương tháng lần 2) | T2: Lương SXKD (nếu có) | U2: Lương thử việc, tập nghề | V2: Lương kinh doanh thử việc, tập nghề | W2: BHXH | Y2: BHYT | AA2: BHTN | AC2: KPCĐ | AD2: Các khoản ăn ca, điện thoại, chi phí phụ cấp | AE2: CỘNG | AF2: Lương tháng | AG2: Lương tháng (trừ BH cá nhân) | AH2: Truy thu/truy lĩnh (lương tháng lần 2) | AI2: Lương SXKD (nếu có) | AJ2: Lương thử việc, tập nghề | AK2: Lương kinh doanh thử việc, tập nghề | AL2: BHXH | AN2: BHYT | AP2: BHTN | AR2: KPCĐ | AS2: Các khoản ăn ca, điện thoại, chi phí phụ cấp | AT2: CỘNG
W3: Cá nhân | X3: Đơn vị | Y3: Cá nhân | Z3: Đơn vị | AA3: Cá nhân | AB3: Đơn vị | AL3: Cá nhân | AM3: Đơn vị | AN3: Cá nhân | AO3: Đơn vị | AP3: Cá nhân | AQ3: Đơn vị
A4: STT | B4: MNV | C4: Họ và tên | D4: Tên đề tài | E4: Mã đề tài, dự án | F4: Nội dung công việc | G4: Phân nguồn (KHCN, QL, Bán hàng, Bảo hành, SXKD) | H4: Đơn vị trong DS | I4: Đơn vị phân bổ | J4: Khối | K4: Công chế độ | L4: Công tính lương | M4: Công phân bổ | N4: Mã (ghép MNV và ngày công) | O4: Số lần xuấn hiện mã | P4: Số lần xuất hiện mã đến dòng hiện tại | Q4: Lương tháng | R4: Lương tháng (trừ BH cá nhân) | S4: Truy thu/truy lĩnh (lương tháng lần 2) | T4: Lương SXKD (nếu có) | U4: Lương thử việc, tập nghề | V4: Lương kinh doanh thử việc, tập nghề | W4: Cá nhân | X4: Đơn vị | Y4: Cá nhân | Z4: Đơn vị | AA4: Cá nhân | AB4: Đơn vị | AC4: KPCĐ | AD4: Các khoản ăn ca, điện thoại, chi phí phụ cấp | AE4: CỘNG | AF4: Lương tháng | AG4: Lương tháng (trừ BH cá nhân) | AH4: Truy thu/truy lĩnh (lương tháng lần 2) | AI4: Lương SXKD (nếu có) | AJ4: Lương thử việc, tập nghề | AK4: Lương kinh doanh thử việc, tập nghề | AL4: Cá nhân | AM4: Đơn vị | AN4: Cá nhân | AO4: Đơn vị | AP4: Cá nhân | AQ4: Đơn vị | AR4: KPCĐ | AS4: Các khoản ăn ca, điện thoại, chi phí phụ cấp | AT4: CỘNG | AW4: Check tên
A5: =SUBTOTAL(3,$B$5:B5) -> 1 | B5: 121262 | C5: Lê Trần Sự | D5: Nghiên cứu, xây dựng nền tảng tự động hóa chỉ huy điều hành tác chiến chiến lược VCHĐH-TQ | E5: =VLOOKUP(D5,'[5]Mail list'!$A$2:$B$302,2,0) -> 011-24-TĐ-RDP-QS | F5: Quản lý đề tài | G5: KHCN | H5: Trung tâm Chỉ huy điều khiển | I5: CHĐK | J5: =+VLOOKUP($B5,'BM0.Bang luong thang import'!$B:$X,23,0) -> Khối 1 - TCT CNC | K5: 21 | L5: =SUMIF('BM0.Bang luong thang import'!B:B,'BM3.Bang TH phan bo'!B5,'BM0.Bang luong thang import'!F:F) -> 21 | M5: 6 | N5: =B5&L5 -> 12126221 | O5: =COUNTIF(N:N,N5) -> 2 | P5: =COUNTIF($N$5:N5,N5) -> 1 | Q5: =SUMIF('BM0.Bang luong thang import'!$B:$B,'BM3.Bang TH phan bo'!$B5,'BM0.Bang luong thang import'!G:G) -> 113316438 | R5: =SUMIF('BM0.Bang luong thang import'!$B:$B,'BM3.Bang TH phan bo'!$B5,'BM0.Bang luong thang import'!H:H) -> 111813222 | S5: =SUMIF('BM0.Bang luong thang import'!$B:$B,'BM3.Bang TH phan bo'!$B5,'BM0.Bang luong thang import'!I:I) -> 0 | T5: =SUMIF('BM0.Bang luong thang import'!$B:$B,'BM3.Bang TH phan bo'!$B5,'BM0.Bang luong thang import'!J:J) -> 0 | U5: =SUMIF('BM0.Bang luong thang import'!$B:$B,'BM3.Bang TH phan bo'!$B5,'BM0.Bang luong thang import'!K:K) -> 0 | V5: =SUMIF('BM0.Bang luong thang import'!$B:$B,'BM3.Bang TH phan bo'!$B5,'BM0.Bang luong thang import'!L:L) -> 0 | W5: =SUMIF('BM0.Bang luong thang import'!$B:$B,'BM3.Bang TH phan bo'!$B5,'BM0.Bang luong thang import'!M:M) -> 1503216 | X5: =SUMIF('BM0.Bang luong thang import'!$B:$B,'BM3.Bang TH phan bo'!$B5,'BM0.Bang luong thang import'!N:N) -> 3288285 | Y5: =SUMIF('BM0.Bang luong thang import'!$B:$B,'BM3.Bang TH phan bo'!$B5,'BM0.Bang luong thang import'!O:O) -> 0 | Z5: =SUMIF('BM0.Bang luong thang import'!$B:$B,'BM3.Bang TH phan bo'!$B5,'BM0.Bang luong thang import'!P:P) -> 0 | AA5: =SUMIF('BM0.Bang luong thang import'!$B:$B,'BM3.Bang TH phan bo'!$B5,'BM0.Bang luong thang import'!Q:Q) -> 0 | AB5: =SUMIF('BM0.Bang luong thang import'!$B:$B,'BM3.Bang TH phan bo'!$B5,'BM0.Bang luong thang import'!R:R) -> 0 | AC5: =SUMIF('BM0.Bang luong thang import'!$B:$B,'BM3.Bang TH phan bo'!$B5,'BM0.Bang luong thang import'!S:S) -> 375804 | AD5: =SUMIF('BM0.Bang luong thang import'!$B:$B,'BM3.Bang TH phan bo'!$B5,'BM0.Bang luong thang import'!T:T) -> 1730000 | AE5: =SUMIF('BM0.Bang luong thang import'!$B:$B,'BM3.Bang TH phan bo'!$B5,'BM0.Bang luong thang import'!U:U) -> 118710527 | AF5: =ROUND(IF($O5<>$P5,Q5*$M5/$L5,Q5-SUMIF($N$1:$N4,$N5,AF$1:AF4)),0) -> 32376125 | AG5: =AF5-AL5-AN5-AP5 -> 31946635 | AH5: =ROUND(IF($O5<>$P5,S5*$M5/$L5,S5-SUMIF($N$1:$N4,$N5,AH$1:AH4)),0) -> 0 | AI5: =ROUND(IF($O5<>$P5,T5*$M5/$L5,T5-SUMIF($N$1:$N4,$N5,AI$1:AI4)),0) -> 0 | AJ5: =ROUND(IF($O5<>$P5,U5*$M5/$L5,U5-SUMIF($N$1:$N4,$N5,AJ$1:AJ4)),0) -> 0 | AK5: =ROUND(IF($O5<>$P5,V5*$M5/$L5,V5-SUMIF($N$1:$N4,$N5,AK$1:AK4)),0) -> 0 | AL5: =ROUND(IF($O5<>$P5,W5*$M5/$L5,W5-SUMIF($N$1:$N4,$N5,AL$1:AL4)),0) -> 429490 | AM5: =ROUND(IF($O5<>$P5,X5*$M5/$L5,X5-SUMIF($N$1:$N4,$N5,AM$1:AM4)),0) -> 939510 | AN5: =ROUND(IF($O5<>$P5,Y5*$M5/$L5,Y5-SUMIF($N$1:$N4,$N5,AN$1:AN4)),0) -> 0 | AO5: =ROUND(IF($O5<>$P5,Z5*$M5/$L5,Z5-SUMIF($N$1:$N4,$N5,AO$1:AO4)),0) -> 0 | ... AS5: =ROUND(IF($O5<>$P5,AD5*$M5/$L5,AD5-SUMIF($N$1:$N4,$N5,AS$1:AS4)),0) -> 494286 | AT5: =SUM(AG5:AS5) -> 33917294 | AW5: =+VLOOKUP(B5,'BM0.Bang luong thang import'!B:C,2,0) -> Lê Trần Sự | AX5: =+VLOOKUP(B5,'BM0.Bang luong thang import'!B:C,2,0)=C5 -> TRUE
A6: =SUBTOTAL(3,$B$5:B6) -> 2 | B6: 003990 | C6: Vũ Ngọc Vinh | D6: Nghiên cứu, xây dựng nền tảng tự động hóa chỉ huy điều hành tác chiến chiến lược VCHĐH-TQ | E6: =VLOOKUP(D6,'[5]Mail list'!$A$2:$B$302,2,0) -> 011-24-TĐ-RDP-QS | F6: Quản lý đề tài | G6: KHCN | H6: Trung tâm Chỉ huy điều khiển | I6: CHĐK | J6: =+VLOOKUP($B6,'BM0.Bang luong thang import'!$B:$X,23,0) -> Khối 1 - TCT CNC | K6: 21 | L6: =SUMIF('BM0.Bang luong thang import'!B:B,'BM3.Bang TH phan bo'!B6,'BM0.Bang luong thang import'!F:F) -> 21 | M6: 4 | N6: =B6&L6 -> 00399021 | O6: =COUNTIF(N:N,N6) -> 3 | P6: =COUNTIF($N$5:N6,N6) -> 1 | Q6: =SUMIF('BM0.Bang luong thang import'!$B:$B,'BM3.Bang TH phan bo'!$B6,'BM0.Bang luong thang import'!G:G) -> 97935011 | R6: =SUMIF('BM0.Bang luong thang import'!$B:$B,'BM3.Bang TH phan bo'!$B6,'BM0.Bang luong thang import'!H:H) -> 96438909 | S6: =SUMIF('BM0.Bang luong thang import'!$B:$B,'BM3.Bang TH phan bo'!$B6,'BM0.Bang luong thang import'!I:I) -> 0 | T6: =SUMIF('BM0.Bang luong thang import'!$B:$B,'BM3.Bang TH phan bo'!$B6,'BM0.Bang luong thang import'!J:J) -> 0 | U6: =SUMIF('BM0.Bang luong thang import'!$B:$B,'BM3.Bang TH phan bo'!$B6,'BM0.Bang luong thang import'!K:K) -> 0 | V6: =SUMIF('BM0.Bang luong thang import'!$B:$B,'BM3.Bang TH phan bo'!$B6,'BM0.Bang luong thang import'!L:L) -> 0 | W6: =SUMIF('BM0.Bang luong thang import'!$B:$B,'BM3.Bang TH phan bo'!$B6,'BM0.Bang luong thang import'!M:M) -> 1496102 | X6: =SUMIF('BM0.Bang luong thang import'!$B:$B,'BM3.Bang TH phan bo'!$B6,'BM0.Bang luong thang import'!N:N) -> 3272724 | Y6: =SUMIF('BM0.Bang luong thang import'!$B:$B,'BM3.Bang TH phan bo'!$B6,'BM0.Bang luong thang import'!O:O) -> 0 | Z6: =SUMIF('BM0.Bang luong thang import'!$B:$B,'BM3.Bang TH phan bo'!$B6,'BM0.Bang luong thang import'!P:P) -> 0 | AA6: =SUMIF('BM0.Bang luong thang import'!$B:$B,'BM3.Bang TH phan bo'!$B6,'BM0.Bang luong thang import'!Q:Q) -> 0 | AB6: =SUMIF('BM0.Bang luong thang import'!$B:$B,'BM3.Bang TH phan bo'!$B6,'BM0.Bang luong thang import'!R:R) -> 0 | AC6: =SUMIF('BM0.Bang luong thang import'!$B:$B,'BM3.Bang TH phan bo'!$B6,'BM0.Bang luong thang import'!S:S) -> 374026 | AD6: =SUMIF('BM0.Bang luong thang import'!$B:$B,'BM3.Bang TH phan bo'!$B6,'BM0.Bang luong thang import'!T:T) -> 1230000 | AE6: =SUMIF('BM0.Bang luong thang import'!$B:$B,'BM3.Bang TH phan bo'!$B6,'BM0.Bang luong thang import'!U:U) -> 102811761 | AF6: =ROUND(IF($O6<>$P6,Q6*$M6/$L6,Q6-SUMIF($N$1:$N5,$N6,AF$1:AF5)),0) -> 18654288 | AG6: =AF6-AL6-AN6-AP6 -> 18369316 | AH6: =ROUND(IF($O6<>$P6,S6*$M6/$L6,S6-SUMIF($N$1:$N5,$N6,AH$1:AH5)),0) -> 0 | AI6: =ROUND(IF($O6<>$P6,T6*$M6/$L6,T6-SUMIF($N$1:$N5,$N6,AI$1:AI5)),0) -> 0 | AJ6: =ROUND(IF($O6<>$P6,U6*$M6/$L6,U6-SUMIF($N$1:$N5,$N6,AJ$1:AJ5)),0) -> 0 | AK6: =ROUND(IF($O6<>$P6,V6*$M6/$L6,V6-SUMIF($N$1:$N5,$N6,AK$1:AK5)),0) -> 0 | AL6: =ROUND(IF($O6<>$P6,W6*$M6/$L6,W6-SUMIF($N$1:$N5,$N6,AL$1:AL5)),0) -> 284972 | AM6: =ROUND(IF($O6<>$P6,X6*$M6/$L6,X6-SUMIF($N$1:$N5,$N6,AM$1:AM5)),0) -> 623376 | AN6: =ROUND(IF($O6<>$P6,Y6*$M6/$L6,Y6-SUMIF($N$1:$N5,$N6,AN$1:AN5)),0) -> 0 | AO6: =ROUND(IF($O6<>$P6,Z6*$M6/$L6,Z6-SUMIF($N$1:$N5,$N6,AO$1:AO5)),0) -> 0 | ... AS6: =ROUND(IF($O6<>$P6,AD6*$M6/$L6,AD6-SUMIF($N$1:$N5,$N6,AS$1:AS5)),0) -> 234286 | AT6: =SUM(AG6:AS6) -> 19583193 | AW6: =+VLOOKUP(B6,'BM0.Bang luong thang import'!B:C,2,0) -> Vũ Ngọc Vinh | AX6: =+VLOOKUP(B6,'BM0.Bang luong thang import'!B:C,2,0)=C6 -> TRUE
A7: =SUBTOTAL(3,$B$5:B7) -> 3 | B7: 003990 | C7: Vũ Ngọc Vinh | D7: Sản xuất Hệ thống cảnh giới và bảo vệ vùng trời quốc gia VQ2 giai đoạn 3 | E7: =VLOOKUP(D7,'[5]Mail list'!$A$2:$B$302,2,0) -> PO-92157 | G7: SXKD | H7: Trung tâm Chỉ huy điều khiển | I7: CHĐK | J7: =+VLOOKUP($B7,'BM0.Bang luong thang import'!$B:$X,23,0) -> Khối 1 - TCT CNC | K7: 21 | L7: =SUMIF('BM0.Bang luong thang import'!B:B,'BM3.Bang TH phan bo'!B7,'BM0.Bang luong thang import'!F:F) -> 21 | M7: 4 | N7: =B7&L7 -> 00399021 | O7: =COUNTIF(N:N,N7) -> 3 | P7: =COUNTIF($N$5:N7,N7) -> 2 | Q7: =SUMIF('BM0.Bang luong thang import'!$B:$B,'BM3.Bang TH phan bo'!$B7,'BM0.Bang luong thang import'!G:G) -> 97935011 | R7: =SUMIF('BM0.Bang luong thang import'!$B:$B,'BM3.Bang TH phan bo'!$B7,'BM0.Bang luong thang import'!H:H) -> 96438909 | S7: =SUMIF('BM0.Bang luong thang import'!$B:$B,'BM3.Bang TH phan bo'!$B7,'BM0.Bang luong thang import'!I:I) -> 0 | T7: =SUMIF('BM0.Bang luong thang import'!$B:$B,'BM3.Bang TH phan bo'!$B7,'BM0.Bang luong thang import'!J:J) -> 0 | U7: =SUMIF('BM0.Bang luong thang import'!$B:$B,'BM3.Bang TH phan bo'!$B7,'BM0.Bang luong thang import'!K:K) -> 0 | V7: =SUMIF('BM0.Bang luong thang import'!$B:$B,'BM3.Bang TH phan bo'!$B7,'BM0.Bang luong thang import'!L:L) -> 0 | W7: =SUMIF('BM0.Bang luong thang import'!$B:$B,'BM3.Bang TH phan bo'!$B7,'BM0.Bang luong thang import'!M:M) -> 1496102 | X7: =SUMIF('BM0.Bang luong thang import'!$B:$B,'BM3.Bang TH phan bo'!$B7,'BM0.Bang luong thang import'!N:N) -> 3272724 | Y7: =SUMIF('BM0.Bang luong thang import'!$B:$B,'BM3.Bang TH phan bo'!$B7,'BM0.Bang luong thang import'!O:O) -> 0 | Z7: =SUMIF('BM0.Bang luong thang import'!$B:$B,'BM3.Bang TH phan bo'!$B7,'BM0.Bang luong thang import'!P:P) -> 0 | AA7: =SUMIF('BM0.Bang luong thang import'!$B:$B,'BM3.Bang TH phan bo'!$B7,'BM0.Bang luong thang import'!Q:Q) -> 0 | AB7: =SUMIF('BM0.Bang luong thang import'!$B:$B,'BM3.Bang TH phan bo'!$B7,'BM0.Bang luong thang import'!R:R) -> 0 | AC7: =SUMIF('BM0.Bang luong thang import'!$B:$B,'BM3.Bang TH phan bo'!$B7,'BM0.Bang luong thang import'!S:S) -> 374026 | AD7: =SUMIF('BM0.Bang luong thang import'!$B:$B,'BM3.Bang TH phan bo'!$B7,'BM0.Bang luong thang import'!T:T) -> 1230000 | AE7: =SUMIF('BM0.Bang luong thang import'!$B:$B,'BM3.Bang TH phan bo'!$B7,'BM0.Bang luong thang import'!U:U) -> 102811761 | AF7: =ROUND(IF($O7<>$P7,Q7*$M7/$L7,Q7-SUMIF($N$1:$N6,$N7,AF$1:AF6)),0) -> 18654288 | AG7: =AF7-AL7-AN7-AP7 -> 18369316 | AH7: =ROUND(IF($O7<>$P7,S7*$M7/$L7,S7-SUMIF($N$1:$N6,$N7,AH$1:AH6)),0) -> 0 | AI7: =ROUND(IF($O7<>$P7,T7*$M7/$L7,T7-SUMIF($N$1:$N6,$N7,AI$1:AI6)),0) -> 0 | AJ7: =ROUND(IF($O7<>$P7,U7*$M7/$L7,U7-SUMIF($N$1:$N6,$N7,AJ$1:AJ6)),0) -> 0 | AK7: =ROUND(IF($O7<>$P7,V7*$M7/$L7,V7-SUMIF($N$1:$N6,$N7,AK$1:AK6)),0) -> 0 | AL7: =ROUND(IF($O7<>$P7,W7*$M7/$L7,W7-SUMIF($N$1:$N6,$N7,AL$1:AL6)),0) -> 284972 | AM7: =ROUND(IF($O7<>$P7,X7*$M7/$L7,X7-SUMIF($N$1:$N6,$N7,AM$1:AM6)),0) -> 623376 | AN7: =ROUND(IF($O7<>$P7,Y7*$M7/$L7,Y7-SUMIF($N$1:$N6,$N7,AN$1:AN6)),0) -> 0 | AO7: =ROUND(IF($O7<>$P7,Z7*$M7/$L7,Z7-SUMIF($N$1:$N6,$N7,AO$1:AO6)),0) -> 0 | ... AS7: =ROUND(IF($O7<>$P7,AD7*$M7/$L7,AD7-SUMIF($N$1:$N6,$N7,AS$1:AS6)),0) -> 234286 | AT7: =SUM(AG7:AS7) -> 19583193 | AW7: =+VLOOKUP(B7,'BM0.Bang luong thang import'!B:C,2,0) -> Vũ Ngọc Vinh | AX7: =+VLOOKUP(B7,'BM0.Bang luong thang import'!B:C,2,0)=C7 -> TRUE
A8: =SUBTOTAL(3,$B$5:B8) -> 4 | B8: 003990 | C8: Vũ Ngọc Vinh | D8: Nhiệm vụ khác | G8: =+IF(H8="Phòng Kinh doanh","Bán hàng","Quản lý") -> Quản lý | H8: Trung tâm Chỉ huy điều khiển | J8: =+VLOOKUP($B8,'BM0.Bang luong thang import'!$B:$X,23,0) -> Khối 1 - TCT CNC | L8: =SUMIF('BM0.Bang luong thang import'!B:B,'BM3.Bang TH phan bo'!B8,'BM0.Bang luong thang import'!F:F) -> 21 | M8: =L8-SUMIF($B$5:$B$7,B8,$M$5:$M$7) -> 13 | N8: =B8&L8 -> 00399021 | O8: =COUNTIF(N:N,N8) -> 3 | P8: =COUNTIF($N$5:N8,N8) -> 3 | Q8: =SUMIF('BM0.Bang luong thang import'!$B:$B,'BM3.Bang TH phan bo'!$B8,'BM0.Bang luong thang import'!G:G) -> 97935011 | R8: =SUMIF('BM0.Bang luong thang import'!$B:$B,'BM3.Bang TH phan bo'!$B8,'BM0.Bang luong thang import'!H:H) -> 96438909 | S8: =SUMIF('BM0.Bang luong thang import'!$B:$B,'BM3.Bang TH phan bo'!$B8,'BM0.Bang luong thang import'!I:I) -> 0 | T8: =SUMIF('BM0.Bang luong thang import'!$B:$B,'BM3.Bang TH phan bo'!$B8,'BM0.Bang luong thang import'!J:J) -> 0 | U8: =SUMIF('BM0.Bang luong thang import'!$B:$B,'BM3.Bang TH phan bo'!$B8,'BM0.Bang luong thang import'!K:K) -> 0 | V8: =SUMIF('BM0.Bang luong thang import'!$B:$B,'BM3.Bang TH phan bo'!$B8,'BM0.Bang luong thang import'!L:L) -> 0 | W8: =SUMIF('BM0.Bang luong thang import'!$B:$B,'BM3.Bang TH phan bo'!$B8,'BM0.Bang luong thang import'!M:M) -> 1496102 | X8: =SUMIF('BM0.Bang luong thang import'!$B:$B,'BM3.Bang TH phan bo'!$B8,'BM0.Bang luong thang import'!N:N) -> 3272724 | Y8: =SUMIF('BM0.Bang luong thang import'!$B:$B,'BM3.Bang TH phan bo'!$B8,'BM0.Bang luong thang import'!O:O) -> 0 | Z8: =SUMIF('BM0.Bang luong thang import'!$B:$B,'BM3.Bang TH phan bo'!$B8,'BM0.Bang luong thang import'!P:P) -> 0 | AA8: =SUMIF('BM0.Bang luong thang import'!$B:$B,'BM3.Bang TH phan bo'!$B8,'BM0.Bang luong thang import'!Q:Q) -> 0 | AB8: =SUMIF('BM0.Bang luong thang import'!$B:$B,'BM3.Bang TH phan bo'!$B8,'BM0.Bang luong thang import'!R:R) -> 0 | AC8: =SUMIF('BM0.Bang luong thang import'!$B:$B,'BM3.Bang TH phan bo'!$B8,'BM0.Bang luong thang import'!S:S) -> 374026 | AD8: =SUMIF('BM0.Bang luong thang import'!$B:$B,'BM3.Bang TH phan bo'!$B8,'BM0.Bang luong thang import'!T:T) -> 1230000 | AE8: =SUMIF('BM0.Bang luong thang import'!$B:$B,'BM3.Bang TH phan bo'!$B8,'BM0.Bang luong thang import'!U:U) -> 102811761 | AF8: =ROUND(IF($O8<>$P8,Q8*$M8/$L8,Q8-SUMIF($N$1:$N7,$N8,AF$1:AF7)),0) -> 60626435 | AG8: =AF8-AL8-AN8-AP8 -> 59700277 | AH8: =ROUND(IF($O8<>$P8,S8*$M8/$L8,S8-SUMIF($N$1:$N7,$N8,AH$1:AH7)),0) -> 0 | AI8: =ROUND(IF($O8<>$P8,T8*$M8/$L8,T8-SUMIF($N$1:$N7,$N8,AI$1:AI7)),0) -> 0 | AJ8: =ROUND(IF($O8<>$P8,U8*$M8/$L8,U8-SUMIF($N$1:$N7,$N8,AJ$1:AJ7)),0) -> 0 | AK8: =ROUND(IF($O8<>$P8,V8*$M8/$L8,V8-SUMIF($N$1:$N7,$N8,AK$1:AK7)),0) -> 0 | AL8: =ROUND(IF($O8<>$P8,W8*$M8/$L8,W8-SUMIF($N$1:$N7,$N8,AL$1:AL7)),0) -> 926158 | AM8: =ROUND(IF($O8<>$P8,X8*$M8/$L8,X8-SUMIF($N$1:$N7,$N8,AM$1:AM7)),0) -> 2025972 | AN8: =ROUND(IF($O8<>$P8,Y8*$M8/$L8,Y8-SUMIF($N$1:$N7,$N8,AN$1:AN7)),0) -> 0 | AO8: =ROUND(IF($O8<>$P8,Z8*$M8/$L8,Z8-SUMIF($N$1:$N7,$N8,AO$1:AO7)),0) -> 0 | ... AS8: =ROUND(IF($O8<>$P8,AD8*$M8/$L8,AD8-SUMIF($N$1:$N7,$N8,AS$1:AS7)),0) -> 761428 | AT8: =SUM(AG8:AS8) -> 63645375 | AW8: =+VLOOKUP(B8,'BM0.Bang luong thang import'!B:C,2,0) -> Vũ Ngọc Vinh | AX8: =+VLOOKUP(B8,'BM0.Bang luong thang import'!B:C,2,0)=C8 -> TRUE
A9: =SUBTOTAL(3,$B$5:B9) -> 5 | B9: 121262 | C9: Lê Trần Sự | D9: Nhiệm vụ khác | G9: =+IF(H9="Phòng Kinh doanh","Bán hàng","Quản lý") -> Quản lý | H9: Trung tâm Chỉ huy điều khiển | J9: =+VLOOKUP($B9,'BM0.Bang luong thang import'!$B:$X,23,0) -> Khối 1 - TCT CNC | L9: =SUMIF('BM0.Bang luong thang import'!B:B,'BM3.Bang TH phan bo'!B9,'BM0.Bang luong thang import'!F:F) -> 21 | M9: =L9-SUMIF($B$5:$B$7,B9,$M$5:$M$7) -> 15 | N9: =B9&L9 -> 12126221 | O9: =COUNTIF(N:N,N9) -> 2 | P9: =COUNTIF($N$5:N9,N9) -> 2 | Q9: =SUMIF('BM0.Bang luong thang import'!$B:$B,'BM3.Bang TH phan bo'!$B9,'BM0.Bang luong thang import'!G:G) -> 113316438 | R9: =SUMIF('BM0.Bang luong thang import'!$B:$B,'BM3.Bang TH phan bo'!$B9,'BM0.Bang luong thang import'!H:H) -> 111813222 | S9: =SUMIF('BM0.Bang luong thang import'!$B:$B,'BM3.Bang TH phan bo'!$B9,'BM0.Bang luong thang import'!I:I) -> 0 | T9: =SUMIF('BM0.Bang luong thang import'!$B:$B,'BM3.Bang TH phan bo'!$B9,'BM0.Bang luong thang import'!J:J) -> 0 | U9: =SUMIF('BM0.Bang luong thang import'!$B:$B,'BM3.Bang TH phan bo'!$B9,'BM0.Bang luong thang import'!K:K) -> 0 | V9: =SUMIF('BM0.Bang luong thang import'!$B:$B,'BM3.Bang TH phan bo'!$B9,'BM0.Bang luong thang import'!L:L) -> 0 | W9: =SUMIF('BM0.Bang luong thang import'!$B:$B,'BM3.Bang TH phan bo'!$B9,'BM0.Bang luong thang import'!M:M) -> 1503216 | X9: =SUMIF('BM0.Bang luong thang import'!$B:$B,'BM3.Bang TH phan bo'!$B9,'BM0.Bang luong thang import'!N:N) -> 3288285 | Y9: =SUMIF('BM0.Bang luong thang import'!$B:$B,'BM3.Bang TH phan bo'!$B9,'BM0.Bang luong thang import'!O:O) -> 0 | Z9: =SUMIF('BM0.Bang luong thang import'!$B:$B,'BM3.Bang TH phan bo'!$B9,'BM0.Bang luong thang import'!P:P) -> 0 | AA9: =SUMIF('BM0.Bang luong thang import'!$B:$B,'BM3.Bang TH phan bo'!$B9,'BM0.Bang luong thang import'!Q:Q) -> 0 | AB9: =SUMIF('BM0.Bang luong thang import'!$B:$B,'BM3.Bang TH phan bo'!$B9,'BM0.Bang luong thang import'!R:R) -> 0 | AC9: =SUMIF('BM0.Bang luong thang import'!$B:$B,'BM3.Bang TH phan bo'!$B9,'BM0.Bang luong thang import'!S:S) -> 375804 | AD9: =SUMIF('BM0.Bang luong thang import'!$B:$B,'BM3.Bang TH phan bo'!$B9,'BM0.Bang luong thang import'!T:T) -> 1730000 | AE9: =SUMIF('BM0.Bang luong thang import'!$B:$B,'BM3.Bang TH phan bo'!$B9,'BM0.Bang luong thang import'!U:U) -> 118710527 | AF9: =ROUND(IF($O9<>$P9,Q9*$M9/$L9,Q9-SUMIF($N$1:$N8,$N9,AF$1:AF8)),0) -> 80940313 | AG9: =AF9-AL9-AN9-AP9 -> 79866587 | AH9: =ROUND(IF($O9<>$P9,S9*$M9/$L9,S9-SUMIF($N$1:$N8,$N9,AH$1:AH8)),0) -> 0 | AI9: =ROUND(IF($O9<>$P9,T9*$M9/$L9,T9-SUMIF($N$1:$N8,$N9,AI$1:AI8)),0) -> 0 | AJ9: =ROUND(IF($O9<>$P9,U9*$M9/$L9,U9-SUMIF($N$1:$N8,$N9,AJ$1:AJ8)),0) -> 0 | AK9: =ROUND(IF($O9<>$P9,V9*$M9/$L9,V9-SUMIF($N$1:$N8,$N9,AK$1:AK8)),0) -> 0 | AL9: =ROUND(IF($O9<>$P9,W9*$M9/$L9,W9-SUMIF($N$1:$N8,$N9,AL$1:AL8)),0) -> 1073726 | AM9: =ROUND(IF($O9<>$P9,X9*$M9/$L9,X9-SUMIF($N$1:$N8,$N9,AM$1:AM8)),0) -> 2348775 | AN9: =ROUND(IF($O9<>$P9,Y9*$M9/$L9,Y9-SUMIF($N$1:$N8,$N9,AN$1:AN8)),0) -> 0 | AO9: =ROUND(IF($O9<>$P9,Z9*$M9/$L9,Z9-SUMIF($N$1:$N8,$N9,AO$1:AO8)),0) -> 0 | ... AS9: =ROUND(IF($O9<>$P9,AD9*$M9/$L9,AD9-SUMIF($N$1:$N8,$N9,AS$1:AS8)),0) -> 1235714 | AT9: =SUM(AG9:AS9) -> 84793233 | AW9: =+VLOOKUP(B9,'BM0.Bang luong thang import'!B:C,2,0) -> Lê Trần Sự | AX9: =+VLOOKUP(B9,'BM0.Bang luong thang import'!B:C,2,0)=C9 -> TRUE
C13: Lưu ý | D13: Số ngày công của nhân sự đã được phân bổ ở một số nhiệm vụ nhưng chưa full công tính lương thì sẽ chuyển hết vào Nội dung nhiệm vụ khác và thuộc nguồn Chi phí quản lý

Sheet BM3.1.Bang luong_KHCN
Y1: BM.04.01
B2: TẬP ĐOÀN CÔNG NGHIỆP - VIỄN THÔNG QUÂN ĐỘI | S2: CỘNG HÒA XÃ HỘI CHỦ NGHĨA VIỆT NAM
B3: TỔNG CÔNG TY CÔNG NGHIỆP CÔNG NGHỆ CAO VIETTEL | S3: Độc lập - Tự do - Hạnh phúc
A6: BẢNG CHI TIẾT PHÂN BỔ CHI PHÍ NHÂN CÔNG NỘI BỘ - Tháng 04/2025
B7: Tên nhiệm vụ KHCN: | C7: =[6]PivotBangLuongKHCN!B1 -> Nghiên cứu xây dựng công nghệ bản đồ không gian và định vị trực quan cho nền tảng thực tế tăng cường
B8: Mã số: | C8: =[6]PivotBangLuongKHCN!B2 -> 003-24-VHT-RDP-DS
A10: STT | B10: Nội dung | C10: MNV | D10: Họ và tên | E10: Giá trị dự toán phê duyệt | F10: Số tháng dự toán phê duyệt | G10: CĂN CỨ PHÂN BỔ | P10: SỐ PHÂN BỔ | W10: Tổng thời gian tham gia trong tháng (man-month) | X10: Lũy kế chi phí nhân công đến hết tháng hiện tại | Y10: Lũy kế thời gian nhân công thực hiện đến hết tháng hiện tại
G11: Thông tin công | I11: Lương tháng | J11: Các khoản trích theo lương | N11: Các khoản hỗ trợ (ăn ca, điện thoại..) | O11: Thời gian tham gia trong tháng | P11: Lương tháng | Q11: Các khoản trích theo lương | U11: Các khoản hỗ trợ (ăn ca, điện thoại..) | V11: TỔNG
J12: BHXH | K12: BHYT | L12: BHTN | M12: KPCĐ | Q12: BHXH | R12: BHYT | S12: BHTN | T12: KPCĐ
G13: Công chế độ | H13: Công tính lương
A15: I. Nhân công trực tiếp
B16: Quản lý đề tài Total | C16: 0 | D16: 0 | E16: 2.0705209e+09 | F16: 24 | G16: 0 | H16: 0 | I16: 0 | J16: 0 | K16: 0 | L16: 0 | M16: 0 | N16: 0 | O16: 0 | P16: 0 | Q16: 0 | R16: 0 | S16: 0 | T16: 0 | U16: 0 | V16: 84916463 | W16: 1.7142857 | X16: 620669095 | Y16: 9.4244306 | AA16: =$C$7&B16 -> Nghiên cứu xây dựng công nghệ bản đồ không gian và định vị trực quan cho nền tảng thực tế tăng cườngQuản lý đề tài Total
A17: 1 | B17: Quản lý đề tài | C17: 176856 | D17: Nguyễn Đức Thành | G17: 21 | H17: 21 | I17: 61178312 | J17: 2291520 | K17: 392832 | L17: 130944 | M17: 261888 | N17: 1130000 | O17: 21 | P17: 61178312 | Q17: 2291520 | R17: 392832 | S17: 130944 | T17: 261888 | U17: 1130000 | V17: 65385496 | W17: 1 | AA17: =$C$7&B17 -> Nghiên cứu xây dựng công nghệ bản đồ không gian và định vị trực quan cho nền tảng thực tế tăng cườngQuản lý đề tài
A18: 2 | B18: Quản lý đề tài | C18: 185613 | D18: Nguyễn Thị Phương Anh | G18: 21 | H18: 21 | I18: 20344177 | J18: 1527680 | K18: 261888 | L18: 87296 | M18: 174592 | N18: 1047000 | O18: 14 | P18: 13562785 | Q18: 1018453 | R18: 174592 | S18: 58197 | T18: 116395 | U18: 698000 | V18: 15628422 | W18: 0.66666667 | AA18: =$C$7&B18 -> Nghiên cứu xây dựng công nghệ bản đồ không gian và định vị trực quan cho nền tảng thực tế tăng cườngQuản lý đề tài
A19: 3 | B19: Quản lý đề tài | C19: 135608 | D19: Nguyễn Hải Dương | G19: 21 | H19: 21 | I19: 77894397 | J19: 2538900 | K19: 0 | L19: 0 | M19: 290160 | N19: 1230000 | O19: 1 | P19: 3709257 | Q19: 120900 | R19: 0 | S19: 0 | T19: 13817 | U19: 58571 | V19: 3902545 | W19: 0.047619048 | AA19: =$C$7&B19 -> Nghiên cứu xây dựng công nghệ bản đồ không gian và định vị trực quan cho nền tảng thực tế tăng cườngQuản lý đề tài
B20: Phát triển ứng dụng dẫn xuất và triển khai thử nghiệm Total | C20: 0 | D20: 0 | E20: 2.6092731e+09 | F20: 80 | G20: 0 | H20: 0 | I20: 0 | J20: 0 | K20: 0 | L20: 0 | M20: 0 | N20: 0 | O20: 0 | P20: 0 | Q20: 0 | R20: 0 | S20: 0 | T20: 0 | U20: 0 | V20: 59517243 | W20: 3 | X20: 358499234 | Y20: 12.86294 | AA20: =$C$7&B20 -> Nghiên cứu xây dựng công nghệ bản đồ không gian và định vị trực quan cho nền tảng thực tế tăng cườngPhát triển ứng dụng dẫn xuất và triển khai thử nghiệm Total
A21: 4 | B21: Phát triển ứng dụng dẫn xuất và triển khai thử nghiệm | C21: 064461 | D21: Lương Nhật Quang | G21: 21 | H21: 21 | I21: 25582231 | J21: 1692600 | K21: 290160 | L21: 96720 | M21: 193440 | N21: 930000 | O21: 21 | P21: 25582231 | Q21: 1692600 | R21: 290160 | S21: 96720 | T21: 193440 | U21: 930000 | V21: 28785151 | W21: 1 | AA21: =$C$7&B21 -> Nghiên cứu xây dựng công nghệ bản đồ không gian và định vị trực quan cho nền tảng thực tế tăng cườngPhát triển ứng dụng dẫn xuất và triển khai thử nghiệm
A22: 5 | B22: Phát triển ứng dụng dẫn xuất và triển khai thử nghiệm | C22: 431577 | D22: Nguyễn Thị Thúy Hân | G22: 21 | H22: 21 | I22: 14433380 | J22: 1310680 | K22: 224688 | L22: 74896 | M22: 149792 | N22: 1047000 | O22: 20 | P22: 13746076 | Q22: 1248267 | R22: 213989 | S22: 71330 | T22: 142659 | U22: 997143 | V22: 16419464 | W22: 1 | AA22: =$C$7&B22 -> Nghiên cứu xây dựng công nghệ bản đồ không gian và định vị trực quan cho nền tảng thực tế tăng cườngPhát triển ứng dụng dẫn xuất và triển khai thử nghiệm
A23: 6 | B23: Phát triển ứng dụng dẫn xuất và triển khai thử nghiệm | C23: 448577 | D23: Ninh Thị Lan | G23: 21 | H23: 21 | I23: 11598820 | J23: 1241240 | K23: 212784 | L23: 70928 | M23: 141856 | N23: 1047000 | O23: 21 | P23: 11598820 | Q23: 1241240 | R23: 212784 | S23: 70928 | T23: 141856 | U23: 1047000 | V23: 14312628 | W23: 1 | AA23: =$C$7&B23 -> Nghiên cứu xây dựng công nghệ bản đồ không gian và định vị trực quan cho nền tảng thực tế tăng cườngPhát triển ứng dụng dẫn xuất và triển khai thử nghiệm
B24: Nghiên cứu, phát triển công nghệ bản đồ không gian và định vị trực quan Total | C24: 0 | D24: 0 | E24: 4.0630612e+09 | F24: 112 | G24: 0 | H24: 0 | I24: 0 | J24: 0 | K24: 0 | L24: 0 | M24: 0 | N24: 0 | O24: 0 | P24: 0 | Q24: 0 | R24: 0 | S24: 0 | T24: 0 | U24: 0 | V24: 160328840 | W24: 6.952381 | X24: 1094065639 | Y24: 37.248033 | AA24: =$C$7&B24 -> Nghiên cứu xây dựng công nghệ bản đồ không gian và định vị trực quan cho nền tảng thực tế tăng cườngNghiên cứu, phát triển công nghệ bản đồ không gian và định vị trực quan Total
A25: 7 | B25: Nghiên cứu, phát triển công nghệ bản đồ không gian và định vị trực quan | C25: 233755 | D25: Hoàng Kim Đức | G25: 21 | H25: 21 | I25: 40554274 | J25: 1874880 | K25: 321408 | L25: 107136 | M25: 214272 | N25: 1030000 | O25: 21 | P25: 40554274 | Q25: 1874880 | R25: 321408 | S25: 107136 | T25: 214272 | U25: 1030000 | V25: 44101970 | W25: 1 | AA25: =$C$7&B25 -> Nghiên cứu xây dựng công nghệ bản đồ không gian và định vị trực quan cho nền tảng thực tế tăng cườngNghiên cứu, phát triển công nghệ bản đồ không gian và định vị trực quan
A26: 8 | B26: Nghiên cứu, phát triển công nghệ bản đồ không gian và định vị trực quan | C26: 235301 | D26: Trần Đức Long | G26: 21 | H26: 21 | I26: 25051680 | J26: 1692600 | K26: 290160 | L26: 96720 | M26: 193440 | N26: 930000 | O26: 21 | P26: 25051680 | Q26: 1692600 | R26: 290160 | S26: 96720 | T26: 193440 | U26: 930000 | V26: 28254600 | W26: 1 | AA26: =$C$7&B26 -> Nghiên cứu xây dựng công nghệ bản đồ không gian và định vị trực quan cho nền tảng thực tế tăng cườngNghiên cứu, phát triển công nghệ bản đồ không gian và định vị trực quan
A27: 9 | B27: Nghiên cứu, phát triển công nghệ bản đồ không gian và định vị trực quan | C27: 434893 | D27: Lê Nhật Minh | G27: 21 | H27: 21 | I27: 15051720 | J27: 1310680 | K27: 224688 | L27: 74896 | M27: 149792 | N27: 930000 | O27: 21 | P27: 15051720 | Q27: 1310680 | R27: 224688 | S27: 74896 | T27: 149792 | U27: 930000 | V27: 17741776 | W27: 1 | AA27: =$C$7&B27 -> Nghiên cứu xây dựng công nghệ bản đồ không gian và định vị trực quan cho nền tảng thực tế tăng cườngNghiên cứu, phát triển công nghệ bản đồ không gian và định vị trực quan
A28: 10 | B28: Nghiên cứu, phát triển công nghệ bản đồ không gian và định vị trực quan | C28: 434894 | D28: Nguyễn Hoàng Vũ | G28: 21 | H28: 21 | I28: 16029540 | J28: 1380120 | K28: 236592 | L28: 78864 | M28: 157728 | N28: 930000 | O28: 21 | P28: 16029540 | Q28: 1380120 | R28: 236592 | S28: 78864 | T28: 157728 | U28: 930000 | V28: 18812844 | W28: 1 | AA28: =$C$7&B28 -> Nghiên cứu xây dựng công nghệ bản đồ không gian và định vị trực quan cho nền tảng thực tế tăng cườngNghiên cứu, phát triển công nghệ bản đồ không gian và định vị trực quan
A29: 11 | B29: Nghiên cứu, phát triển công nghệ bản đồ không gian và định vị trực quan | C29: 439032 | D29: Phạm Quang Tiến | G29: 21 | H29: 21 | I29: 16029540 | J29: 1380120 | K29: 236592 | L29: 78864 | M29: 157728 | N29: 930000 | O29: 21 | P29: 16029540 | Q29: 1380120 | R29: 236592 | S29: 78864 | T29: 157728 | U29: 930000 | V29: 18812844 | W29: 1 | AA29: =$C$7&B29 -> Nghiên cứu xây dựng công nghệ bản đồ không gian và định vị trực quan cho nền tảng thực tế tăng cườngNghiên cứu, phát triển công nghệ bản đồ không gian và định vị trực quan
A30: 12 | B30: Nghiên cứu, phát triển công nghệ bản đồ không gian và định vị trực quan | C30: 440651 | D30: Nguyễn Viết Nam | G30: 21 | H30: 21 | I30: 15051720 | J30: 1310680 | K30: 224688 | L30: 74896 | M30: 149792 | N30: 930000 | O30: 20 | P30: 14334971 | Q30: 1248267 | R30: 213989 | S30: 71330 | T30: 142659 | U30: 885714 | V30: 16896930 | W30: 0.95238095 | AA30: =$C$7&B30 -> Nghiên cứu xây dựng công nghệ bản đồ không gian và định vị trực quan cho nền tảng thực tế tăng cườngNghiên cứu, phát triển công nghệ bản đồ không gian và định vị trực quan
A31: 13 | B31: Nghiên cứu, phát triển công nghệ bản đồ không gian và định vị trực quan | C31: 454895 | D31: Đào Quang Nhật | G31: 21 | H31: 21 | I31: 13017820 | J31: 1310680 | K31: 224688 | L31: 74896 | M31: 149792 | N31: 930000 | O31: 21 | P31: 13017820 | Q31: 1310680 | R31: 224688 | S31: 74896 | T31: 149792 | U31: 930000 | V31: 15707876 | W31: 1 | AA31: =$C$7&B31 -> Nghiên cứu xây dựng công nghệ bản đồ không gian và định vị trực quan cho nền tảng thực tế tăng cườngNghiên cứu, phát triển công nghệ bản đồ không gian và định vị trực quan
B32: Phát triển công cụ tạo nội dung, và SDK cho các nền tảng Total | C32: 0 | D32: 0 | E32: 3.1151275e+09 | F32: 87 | G32: 0 | H32: 0 | I32: 0 | J32: 0 | K32: 0 | L32: 0 | M32: 0 | N32: 0 | O32: 0 | P32: 0 | Q32: 0 | R32: 0 | S32: 0 | T32: 0 | U32: 0 | V32: 99353197 | W32: 3.9047619 | X32: 692487876 | Y32: 21.613458 | AA32: =$C$7&B32 -> Nghiên cứu xây dựng công nghệ bản đồ không gian và định vị trực quan cho nền tảng thực tế tăng cườngPhát triển công cụ tạo nội dung, và SDK cho các nền tảng Total
A33: 14 | B33: Phát triển công cụ tạo nội dung, và SDK cho các nền tảng | C33: 266848 | D33: Ngô Hải Linh | G33: 21 | H33: 21 | I33: 24718967 | J33: 1692600 | K33: 290160 | L33: 96720 | M33: 193440 | N33: 930000 | O33: 21 | P33: 24718967 | Q33: 1692600 | R33: 290160 | S33: 96720 | T33: 193440 | U33: 930000 | V33: 27921887 | W33: 1 | AA33: =$C$7&B33 -> Nghiên cứu xây dựng công nghệ bản đồ không gian và định vị trực quan cho nền tảng thực tế tăng cườngPhát triển công cụ tạo nội dung, và SDK cho các nền tảng
A34: 15 | B34: Phát triển công cụ tạo nội dung, và SDK cho các nền tảng | C34: 284966 | D34: Đặng Thị Phương Thảo | G34: 21 | H34: 21 | I34: 20250665 | J34: 1527680 | K34: 261888 | L34: 87296 | M34: 174592 | N34: 1515000 | O34: 20 | P34: 19286348 | Q34: 1454933 | R34: 249417 | S34: 83139 | T34: 166278 | U34: 1442857 | V34: 22682972 | W34: 0.95238095 | AA34: =$C$7&B34 -> Nghiên cứu xây dựng công nghệ bản đồ không gian và định vị trực quan cho nền tảng thực tế tăng cườngPhát triển công cụ tạo nội dung, và SDK cho các nền tảng
A35: 16 | B35: Phát triển công cụ tạo nội dung, và SDK cho các nền tảng | C35: 428553 | D35: Nguyễn Hồng Hải | G35: 21 | H35: 21 | I35: 25873100 | J35: 1692600 | K35: 290160 | L35: 96720 | M35: 193440 | N35: 1030000 | O35: 20 | P35: 24641048 | Q35: 1612000 | R35: 276343 | S35: 92114 | T35: 184229 | U35: 980952 | V35: 27786686 | W35: 0.95238095 | AA35: =$C$7&B35 -> Nghiên cứu xây dựng công nghệ bản đồ không gian và định vị trực quan cho nền tảng thực tế tăng cườngPhát triển công cụ tạo nội dung, và SDK cho các nền tảng
A36: 17 | B36: Phát triển công cụ tạo nội dung, và SDK cho các nền tảng | C36: 441033 | D36: Nguyễn Thị Thu Huệ | G36: 21 | H36: 21 | I36: 17617100 | J36: 1449560 | K36: 248496 | L36: 82832 | M36: 165664 | N36: 1398000 | O36: 21 | P36: 17617100 | Q36: 1449560 | R36: 248496 | S36: 82832 | T36: 165664 | U36: 1398000 | V36: 20961652 | W36: 1 | AA36: =$C$7&B36 -> Nghiên cứu xây dựng công nghệ bản đồ không gian và định vị trực quan cho nền tảng thực tế tăng cườngPhát triển công cụ tạo nội dung, và SDK cho các nền tảng
B37: Phát triển cloud service AR và các công cụ quản trị, giám sát Total | C37: 0 | D37: 0 | E37: 2.0335227e+09 | F37: 57 | G37: 0 | H37: 0 | I37: 0 | J37: 0 | K37: 0 | L37: 0 | M37: 0 | N37: 0 | O37: 0 | P37: 0 | Q37: 0 | R37: 0 | S37: 0 | T37: 0 | U37: 0 | V37: 15844616 | W37: 1 | X37: 110215892 | Y37: 5.9 | AA37: =$C$7&B37 -> Nghiên cứu xây dựng công nghệ bản đồ không gian và định vị trực quan cho nền tảng thực tế tăng cườngPhát triển cloud service AR và các công cụ quản trị, giám sát Total
A38: 18 | B38: Phát triển cloud service AR và các công cụ quản trị, giám sát | C38: 452783 | D38: Phùng Hải Nguyên | G38: 21 | H38: 21 | I38: 13154560 | J38: 1310680 | K38: 224688 | L38: 74896 | M38: 149792 | N38: 930000 | O38: 21 | P38: 13154560 | Q38: 1310680 | R38: 224688 | S38: 74896 | T38: 149792 | U38: 930000 | V38: 15844616 | W38: 1 | AA38: =$C$7&B38 -> Nghiên cứu xây dựng công nghệ bản đồ không gian và định vị trực quan cho nền tảng thực tế tăng cườngPhát triển cloud service AR và các công cụ quản trị, giám sát
A39: II. Nhân công gián tiếp | P39: 18443252 | Q39: 1266505 | R39: 216079 | S39: 72026 | T39: 144743 | U39: 855412 | V39: 20998017 | AA39: =F39-Y39 -> 0
B40: TỔNG | P40: 387308301 | Q40: 26596605 | R40: 4537657 | S40: 1512552 | T40: 3039612 | U40: 17963649 | V40: 440958376 | W40: 16.571429 | X40: 2875937736
A43: Báo cáo tình hình thực hiện nhân công dự toán nhiệm vụ:
A44: =C7 -> Nghiên cứu xây dựng công nghệ bản đồ không gian và định vị trực quan cho nền tảng thực tế tăng cường | B44: A | C44: Tổng chi phí nhân công theo dự toán và Chi phí quản lý nhiệm vụ KHCN được sử dụng: | J44: 1.3891505e+10
A45: =$A$44 -> Nghiên cứu xây dựng công nghệ bản đồ không gian và định vị trực quan cho nền tảng thực tế tăng cường | B45: B | C45: Chi phí nhân công đã phân bổ lũy kế đến tháng hiện tại: | J45: 2.5787762e+09
B46: C | C46: Chi phí nhân công phân bổ tháng | F46: 04/2025: | J46: =V40 -> 440958376
B47: D | C47: Chi phí nhân công đã phân bổ lũy kế đến hết tháng hiện tại: | J47: =J45+J46 -> 3.0197346e+09
B48: E | C48: Chi phí nhân công còn được phân bổ tính hết | F48: =F46 -> 04/2025: | J48: =J44-J47 -> 1.0871771e+10
A49: Lưu ý: Khi tổng chi phí nhân công có khả năng/đã vượt dự toán, cơ quan Tổ chức lao động có trách nhiệm thông báo chủ nhiệm đề tài/dự án báo cáo xin bổ sung kinh phí
B51: CHỦ NHIỆM NHIỆM VỤ | G51: TRUNG TÂM | P51: PHÒNG NHÂN SỰ | T51: THỦ TRƯỞNG ĐƠN VỊ

Sheet BM3.2.Bang luong_SXKD
B1: TẬP ĐOÀN CÔNG NGHIỆP VIỄN THÔNG QUÂN ĐỘI | V1: CỘNG HOÀ XÃ HỘI CHỦ NGHĨA VIỆT NAM
B2: TỔNG CÔNG TY CÔNG NGHIỆP CÔNG NGHỆ CAO VIETTEL | W2: Độc lập - Tự do - Hạnh phúc
A3: BẢNG TÍNH CHI PHÍ NHÂN CÔNG THÁNG 06/2025
A4: Kỳ lương: 06/2025 - Kỳ trả: 07/2025
B5: Dự án: | D5: Sản xuất 2000 hệ thống thông tin (bao gồm máy VRU812/S 50W và VIS) kèm vật tư dự phòng và Lắp đặt trên xe tăng thiết giáp, xe đặc chủng năm 2024
B6: Sản phẩm: | D6: Bộ vật tư dự phòng Bộ thông thoại số VIS phiên bản 2024
B7: Nguồn kinh phí: | D7: SXKD
A9: STT | B9: MNV | C9: Họ và tên | D9: Đơn vị phân bổ | E9: Chi phí nhân công tháng làm căn cứ phân bổ | S9: Chi phí nhân công phân bổ trong tháng
E10: Thông tin công | G10: Lương tháng | H10: Lương tháng (sau khi trừ BH cá nhân) | I10: BÁO HIỂM | O10: KPCĐ | P10: Các khoản (ăn ca, điện thoại..) | Q10: Tổng chi phí nhân công | R10: Thời gian tham gia trong tháng | S10: Lương tháng | T10: Lương tháng (sau khi trừ BH cá nhân) | U10: BÁO HIỂM VÀ KPCĐ | AA10: KPCĐ | AB10: Các khoản (ăn ca, điện thoại..) | AC10: Tổng chi phí nhân công phân bổ
E12: Công chế độ | F12: Công tính lương | I12: BHXH | K12: BHYT | M12: BHTN | U12: BHXH | W12: BHYT | Y12: BHTN
I13: Cá nhân | J13: Đơn vị | K13: Cá nhân | L13: Đơn vị | M13: Cá nhân | N13: Đơn vị | U13: Cá nhân | V13: Đơn vị | W13: Cá nhân | X13: Đơn vị | Y13: Cá nhân | Z13: Đơn vị
A14: I. | C14: CHI PHÍ NHÂN CÔNG TRỰC TIẾP TẠI ĐƠN VỊ | S14: 160490817 | T14: 155147839 | U14: 4386405 | V14: 9595260 | W14: 573944 | X14: 1147885 | Y14: 382629 | Z14: 382629 | AA14: 1096600 | AB14: 4973809 | AC14: 177687000
A15: =SUBTOTAL(103,$I$13:I14) -> 1 | B15: 138528 | C15: Đậu Văn Công | D15: TTQS | E15: 21 | F15: 21 | G15: 47887184 | H15: 46561808 | I15: 1325376 | J15: 2899260 | K15: 0 | L15: 0 | M15: 0 | N15: 0 | O15: 331344 | P15: 1030000 | Q15: 52147788 | R15: 21 | S15: 47887184 | T15: 46561808 | U15: 1325376 | V15: 2899260 | W15: 0 | X15: 0 | Y15: 0 | Z15: 0 | AA15: 331344 | AB15: 1030000 | AC15: 52147788
A16: =SUBTOTAL(103,$I$13:I15) -> 2 | B16: 180496 | C16: Nguyễn Khắc Nam | D16: TTQS | E16: 21 | F16: 21 | G16: 41773944 | H16: 40649016 | I16: 857088 | J16: 1874880 | K16: 160704 | L16: 321408 | M16: 107136 | N16: 107136 | O16: 214272 | P16: 1030000 | Q16: 45321640 | R16: 4 | S16: 7956941 | T16: 7742668 | U16: 163255 | V16: 357120 | W16: 30611 | X16: 61220 | Y16: 20407 | Z16: 20407 | AA16: 40813 | AB16: 196190 | AC16: 8632691
A17: =SUBTOTAL(103,$I$13:I16) -> 3 | B17: 230843 | C17: Phùng Văn Quả | D17: TTQS | E17: 21 | F17: 21 | G17: 22088068 | H17: 21124588 | I17: 734080 | J17: 1605800 | K17: 137640 | L17: 275280 | M17: 91760 | N17: 91760 | O17: 183520 | P17: 930000 | Q17: 25174428 | R17: 21 | S17: 22088068 | T17: 21124588 | U17: 734080 | V17: 1605800 | W17: 137640 | X17: 275280 | Y17: 91760 | Z17: 91760 | AA17: 183520 | AB17: 930000 | AC17: 25174428
A18: =SUBTOTAL(103,$I$13:I17) -> 4 | B18: 444304 | C18: Phan Đăng Duy | D18: TTQS | E18: 21 | F18: 21 | G18: 20975400 | H18: 20058792 | I18: 698368 | J18: 1527680 | K18: 130944 | L18: 261888 | M18: 87296 | N18: 87296 | O18: 174592 | P18: 1030000 | Q18: 24056856 | R18: 6 | S18: 5992971 | T18: 5731082 | U18: 199534 | V18: 436480 | W18: 37413 | X18: 74825 | Y18: 24942 | Z18: 24942 | AA18: 49883 | AB18: 294286 | AC18: 6873387
A19: =SUBTOTAL(103,$I$13:I18) -> 5 | B19: 448217 | C19: Lê Nam Khánh | D19: TTQS | E19: 21 | F19: 21 | G19: 24395538 | H19: 23432058 | I19: 734080 | J19: 1605800 | K19: 137640 | L19: 275280 | M19: 91760 | N19: 91760 | O19: 183520 | P19: 1030000 | Q19: 27581898 | R19: 16 | S19: 18587077 | T19: 17852997 | U19: 559299 | V19: 1223467 | W19: 104869 | X19: 209737 | Y19: 69912 | Z19: 69912 | AA19: 139825 | AB19: 784762 | AC19: 21014780
A20: =SUBTOTAL(103,$I$13:I19) -> 6 | B20: 458027 | C20: Võ Thái Linh | D20: TTQS | E20: 21 | F20: 21 | G20: 14009400 | H20: 13222992 | I20: 599168 | J20: 1310680 | K20: 112344 | L20: 224688 | M20: 74896 | N20: 74896 | O20: 149792 | P20: 930000 | Q20: 16699456 | R20: 16 | S20: 10673829 | T20: 10074661 | U20: 456509 | V20: 998613 | W20: 85595 | X20: 171191 | Y20: 57064 | Z20: 57064 | AA20: 114127 | AB20: 708571 | AC20: 12723395
A21: =SUBTOTAL(103,$I$13:I20) -> 7 | B21: 195193 | C21: Nguyễn Viết Thu | D21: TTQS | E21: 21 | F21: 21 | G21: 47304747 | H21: 46060035 | I21: 948352 | J21: 2074520 | K21: 177816 | L21: 355632 | M21: 118544 | N21: 118544 | O21: 237088 | P21: 1030000 | Q21: 51120531 | R21: 21 | S21: 47304747 | T21: 46060035 | U21: 948352 | V21: 2074520 | W21: 177816 | X21: 355632 | Y21: 118544 | Z21: 118544 | AA21: 237088 | AB21: 1030000 | AC21: 51120531
A22: II. | C22: KHỐI CƠ QUAN PHÂN BỔ | S22: =ROUND(S14*5%,0) -> 8024541 | T22: =S22-U22-W22-Y22 -> 7757393 | U22: =ROUND(U14*5%,0) -> 219320 | V22: =ROUND(V14*5%,0) -> 479763 | W22: =ROUND(W14*5%,0) -> 28697 | X22: =ROUND(X14*5%,0) -> 57394 | Y22: =ROUND(Y14*5%,0) -> 19131 | Z22: =ROUND(Z14*5%,0) -> 19131 | AA22: =ROUND(AA14*5%,0) -> 54830 | AB22: =ROUND(AB14*5%,0) -> 248690 | AC22: =SUBTOTAL(9,T22:AB22) -> 8884349
A23: III. | C23: TỔNG PHÂN BỔ | S23: =S22+S14 -> 168515358 | T23: =S23-U23-W23-Y23 -> 162905232 | U23: =U22+U14 -> 4605725 | V23: =V22+V14 -> 10075023 | W23: =W22+W14 -> 602641 | X23: =X22+X14 -> 1205279 | Y23: =Y22+Y14 -> 401760 | Z23: =Z22+Z14 -> 401760 | AA23: =AA22+AA14 -> 1151430 | AB23: =AB22+AB14 -> 5222499 | AC23: =(+AC22+AC14) -> 186571349
D25: CHỦ NHIỆM NHIỆM VỤ | J25: TRUNG TÂM | R25: PHÒNG NHÂN SỰ | V25: THỦ TRƯỞNG ĐƠN VỊ

Sheet BM4. BTH phan bo CPNC
O1: BM.04.02
A2: TẬP ĐOÀN CÔNG NGHIỆP - VIỄN THÔNG QUÂN ĐỘI | K2: CỘNG HÒA XÃ HỘI CHỦ NGHĨA VIỆT NAM
B3: ĐƠN VỊ TRỰC THUỘC TẬP ĐOÀN | K3: Độc lập - Tự do - Hạnh phúc
A5: BẢNG TỔNG HỢP PHÂN BỔ CHI PHÍ NHÂN CÔNG NỘI BỘ - LƯƠNG THÁNG/6 THÁNG/NĂM ... NĂM 20…
A7: STT | B7: Tên nhiệm vụ KHCN | C7: Mã số | D7: Dự toán phê duyệt | E7: Lương tháng | F7: Lương 6 tháng | G7: Lương năm | H7: Phụ cấp lương | I7: Các khoản trích theo lương | M7: Các khoản hỗ trợ (ăn ca, điện thoại..) | N7: TỔNG | O7: Lũy kế chi phí nhân công
I8: BHXH | J8: BHYT | K8: BHTN | L8: KPCĐ
A11: A | B11: Tổng chi phí nhân công theo bảng lương | E11: … | F11: … | G11: … | H11: … | I11: … | J11: … | K11: … | L11: … | M11: … | N11: …
A12: B | B12: Phân bổ chi phí nhân công nội bộ nhiệm vụ KHCN | E12: =SUBTOTAL(9,E13:E15) -> 0 | F12: =SUBTOTAL(9,F13:F15) -> 0 | G12: =SUBTOTAL(9,G13:G15) -> 0 | H12: =SUBTOTAL(9,H13:H15) -> 0 | I12: =SUBTOTAL(9,I13:I15) -> 0 | J12: =SUBTOTAL(9,J13:J15) -> 0 | K12: =SUBTOTAL(9,K13:K15) -> 0 | L12: =SUBTOTAL(9,L13:L15) -> 0 | ... N12: =SUBTOTAL(9,N13:N15) -> 0
A13: 1 | B13: Tên nhiệm vụ KHCN số 1 | C13: … | D13: … | E13: … | F13: … | G13: … | H13: … | I13: … | J13: … | K13: … | L13: … | M13: … | N13: … | O13: …
A14: 2 | B14: Tên nhiệm vụ KHCN số 2 | C14: … | D14: … | E14: … | F14: … | G14: … | H14: … | I14: … | J14: … | K14: … | L14: … | M14: … | N14: … | O14: …
B15: …
A16: C | B16: Chênh lệch
B18: PHÒNG TỔ CHỨC LAO ĐỘNG | F18: PHÒNG TÀI CHÍNH KẾ TOÁN | L18: THỦ TRƯỞNG ĐƠN VỊ

Sheet BM5.DS Nhiem vu
A1: TT | B1: KHỐI | C1: ĐV Chủ trì | D1: ĐV Phân bổ | E1: TÊN ĐỀ TÀI/DỰ ÁN | F1: NGUỒN | G1: PHÂN LOẠI | H1: TÌNH TRẠNG PHÂN BỔ | I1: TỔNG DỰ TOÁN | J1: CP NHÂN CÔNG THEO DỰ TOÁN | K1: BẮT ĐẦU | L1: KẾT THÚC | M1: PM | N1: PA | O1: MÃ ĐỀ TÀI | P1: ChJ phí còn lạJ chưa phân bổ | Q1: Lũy kế 2025 đã phân bổ | R1: 45627 | S1: 45658 | T1: 45689 | U1: 45717 | V1: 45748 | W1: 45778 | X1: 45809 | Y1: Tạm tính lương 6 tháng 2025 | Z1: Tạm tính lương Năm 2025
A2: 1 | B2: Khối 1 | C2: CHĐK | D2: CHĐK | E2: Nghiên cứu, xây dựng nền tảng tự động hóa chỉ huy điều hành tác chiến chiến lược VCHĐH-TQ | F2: KHCN | G2: Chính | H2: Đang phân bổ | I2: 64780261308 | J2: 2.3043245e+10 | K2: 45597 | L2: 46327 | M2: tiemnm@viettel.com.vn | N2: halt73@viettel.com.vn | O2: 011-24-TĐ-RDP-QS | P2: =J2-Q2 -> 1.8178976e+10 | Q2: =SUM(R2:X2) -> 4864269471 | R2: 1398307276 | S2: 401579906 | T2: 508062719 | U2: 587091041 | V2: 634810896 | W2: 634168482 | X2: 700249151 | Y2: =SUM(S2:X2)/6 -> 5.7766037e+08 | Z2: =(SUM(S2:X2)/12)*5.5 -> 1.588566e+09
B3: Khối 1 | C3: CHĐK | D3: CHĐK | E3: Nội dung CV 1 | F3: KHCN | G3: Thành phần | H3: Đang phân bổ | K3: 45597 | L3: 46327 | Q3: =SUM(R3:X3) -> 4699636487 | R3: 1398307276 | S3: 401579906 | T3: 465988541 | U3: 541089318 | V3: 607673995 | W3: 605743221 | X3: 679254230
B4: Khối 1 | C4: CHĐK | D4: KD ĐH | E4: Nội dung CV 2 | F4: KHCN | G4: Thành phần | H4: Đang phân bổ | K4: 45597 | L4: 46327 | Q4: =SUM(R4:X4) -> 24053891 | R4: 0 | T4: 7773539 | U4: 16280352 | V4: 0 | W4: 0 | X4: 0
B5: Khối 1 | C5: CHĐK | D5: ĐBCL | E5: Nội dung CV 3 | F5: KHCN | G5: Thành phần | H5: Đang phân bổ | K5: 45597 | L5: 46327 | Q5: =SUM(R5:X5) -> 140579093 | R5: 0 | T5: 34300639 | U5: 29721371 | V5: 27136901 | W5: 28425261 | X5: 20994921
A6: 4 | B6: Khối 1 | C6: CHĐK | D6: CHĐK | E6: Sản xuất 01 Hệ thống tự động hóa chỉ huy cấp Bộ Quốc phòng | F6: SXKD | G6: Chính | H6: Đang phân bổ | I6: 269732596503 | J6: 12145857200 | K6: 45755 | L6: 46357 | M6: tiemnm@viettel.com.vn | N6: halt73@viettel.com.vn | O6: PO-92166 | P6: 11031203072 | Q6: =SUM(R6:X6) -> 723660586 | U6: 0 | V6: 0 | W6: 274724250 | X6: 448936336 | Y6: =SUM(S6:X6)/6 -> 1.206101e+08 | Z6: =(SUM(S6:X6)/12)*5.5 -> 3.3167777e+08
B7: Khối 1 | C7: CHĐK | D7: CHĐK | E7: Sản xuất 01 Hệ thống tự động hóa chỉ huy cấp Bộ Quốc phòng | F7: SXKD | G7: Thành phần | H7: Đang phân bổ | J7: 11578669200 | K7: 45755 | L7: 46722 | O7: PO-92166 | P7: =J7-SUM(Q7:Q8) -> 10855008614 | Q7: =SUM(R7:X7) -> 711348332 | V7: 0 | W7: 274724250 | X7: 436624082
B8: Khối 1 | C8: CHĐK | D8: KD ĐH | E8: Sản xuất 01 Hệ thống tự động hóa chỉ huy cấp Bộ Quốc phòng | F8: SXKD | G8: Thành phần | H8: Đang phân bổ | K8: 45755 | L8: 46722 | O8: PO-92166 | Q8: =SUM(R8:X8) -> 12312254 | X8: 12312254
B9: Khối 1 | C9: CHĐK | D9: CHĐK | E9: Sản xuất 01 Hệ thống tự động hóa chỉ huy cấp Bộ Quốc phòng | F9: Bán hàng | G9: Thành phần | H9: Đang phân bổ | J9: 567188000 | K9: 45755 | L9: 46722 | O9: PO-92166 | P9: =J9-SUM(Q9) -> 567188000 | Q9: =SUM(R9:X9) -> 0 | V9: 0 | W9: 0 | X9: 0 | Y9: 0
B10: Khối 1 | C10: CHĐK | D10: CHĐK | E10: Sản xuất 01 Hệ thống tự động hóa chỉ huy cấp Bộ Quốc phòng | F10: Bảo hành | G10: Thành phần | H10: Đang phân bổ | K10: 45755 | L10: 47088 | O10: PO-92166 | Q10: =SUM(R10:X10) -> 0 | V10: 0 | W10: 0 | X10: 0 | Y10: 0
